<?xml version="1.0" encoding="UTF-8"?>
<PeakList modified="2020-03-05T17:56:30">
  <PeakList1D>
    <PeakList1DHeader creator="liermann" date="2020-03-05T17:56:30" expNo="2" name="anethol_104-46-1" owner="" procNo="1" source="E:/Users/liermann/Seafile/NMR-Archiv/chemikalienlager">
      <PeakPickDetails>F1=183.267578ppm, F2=98.250275ppm, MI=0.88cm, MAXI=16.44cm, PC=1.400
      </PeakPickDetails>
    </PeakList1DHeader>
    <Peak1D F1="158.579819" intensity="2.517179" type="0"/>
    <Peak1D F1="130.812057" intensity="2.889604" type="0"/>
    <Peak1D F1="130.347305" intensity="6.547323" type="0"/>
    <Peak1D F1="126.900833" intensity="15.0" type="0"/>
    <Peak1D F1="123.50563" intensity="6.881239" type="0"/>
    <Peak1D F1="113.906891" intensity="14.74959" type="0"/>
  </PeakList1D>
  <PeakList1D>
    <PeakList1DHeader creator="liermann" date="2020-03-05T17:56:30" expNo="2" name="anethol_104-46-1" owner="" procNo="1" source="E:/Users/liermann/Seafile/NMR-Archiv/chemikalienlager">
      <PeakPickDetails>F1=62.720657ppm, F2=10.876414ppm, MI=1.17cm, MAXI=11.07cm, PC=1.400
      </PeakPickDetails>
    </PeakList1DHeader>
    <Peak1D F1="55.281178" intensity="7.661591" type="0"/>
    <Peak1D F1="18.479467" intensity="6.912168" type="0"/>
  </PeakList1D>
</PeakList>
