<?xml version="1.0" encoding="UTF-8"?>
<PeakList modified="2017-02-02T17:56:04">
  <PeakList1D>
    <PeakList1DHeader creator="liermann" date="2017-02-02T17:56:03" expNo="1" name="caripyrin_1314534-36-5" owner="" procNo="1" source="//ocnmr1/admin/JGU-NMR/Lehre/interessant">
      <PeakPickDetails>F1=15.938920ppm, F2=-3.588099ppm, MI=0.07cm, MAXI=1000.00cm, PC=0.000
      </PeakPickDetails>
    </PeakList1DHeader>
    <Peak1D F1="10.2203" intensity="0.26" type="0"/>
    <Peak1D F1="9.2022" intensity="0.14" type="0"/>
    <Peak1D F1="9.2000" intensity="0.14" type="0"/>
    <Peak1D F1="8.8446" intensity="0.09" type="0"/>
    <Peak1D F1="8.8250" intensity="0.22" type="0"/>
    <Peak1D F1="8.8220" intensity="0.22" type="0"/>
    <Peak1D F1="8.7386" intensity="0.09" type="0"/>
    <Peak1D F1="8.7357" intensity="0.10" type="0"/>
    <Peak1D F1="8.7271" intensity="0.36" type="0"/>
    <Peak1D F1="8.7237" intensity="0.35" type="0"/>
    <Peak1D F1="8.7183" intensity="0.13" type="0"/>
    <Peak1D F1="8.7175" intensity="0.13" type="0"/>
    <Peak1D F1="8.7134" intensity="0.13" type="0"/>
    <Peak1D F1="8.7126" intensity="0.13" type="0"/>
    <Peak1D F1="8.7113" intensity="0.13" type="0"/>
    <Peak1D F1="8.6769" intensity="30.35" type="0"/>
    <Peak1D F1="8.6737" intensity="30.96" type="0"/>
    <Peak1D F1="8.6544" intensity="0.68" type="0"/>
    <Peak1D F1="8.6512" intensity="0.63" type="0"/>
    <Peak1D F1="8.6387" intensity="0.09" type="0"/>
    <Peak1D F1="8.5243" intensity="0.22" type="0"/>
    <Peak1D F1="8.5213" intensity="0.22" type="0"/>
    <Peak1D F1="8.3356" intensity="0.15" type="0"/>
    <Peak1D F1="8.3323" intensity="0.15" type="0"/>
    <Peak1D F1="8.3179" intensity="0.17" type="0"/>
    <Peak1D F1="8.3045" intensity="0.10" type="0"/>
    <Peak1D F1="8.2554" intensity="0.21" type="0"/>
    <Peak1D F1="8.2419" intensity="0.23" type="0"/>
    <Peak1D F1="8.2314" intensity="0.09" type="0"/>
    <Peak1D F1="8.1600" intensity="0.12" type="0"/>
    <Peak1D F1="8.1565" intensity="0.10" type="0"/>
    <Peak1D F1="8.1484" intensity="0.34" type="0"/>
    <Peak1D F1="8.1348" intensity="0.46" type="0"/>
    <Peak1D F1="8.1173" intensity="27.87" type="0"/>
    <Peak1D F1="8.1038" intensity="29.75" type="0"/>
    <Peak1D F1="8.0765" intensity="0.11" type="0"/>
    <Peak1D F1="8.0681" intensity="0.51" type="0"/>
    <Peak1D F1="8.0607" intensity="0.10" type="0"/>
    <Peak1D F1="8.0545" intensity="0.54" type="0"/>
    <Peak1D F1="8.0117" intensity="0.21" type="0"/>
    <Peak1D F1="8.0081" intensity="0.21" type="0"/>
    <Peak1D F1="7.9981" intensity="0.19" type="0"/>
    <Peak1D F1="7.9945" intensity="0.18" type="0"/>
    <Peak1D F1="7.9755" intensity="0.20" type="0"/>
    <Peak1D F1="7.9620" intensity="0.22" type="0"/>
    <Peak1D F1="7.8213" intensity="0.15" type="0"/>
    <Peak1D F1="7.8178" intensity="0.16" type="0"/>
    <Peak1D F1="7.8078" intensity="0.15" type="0"/>
    <Peak1D F1="7.8043" intensity="0.15" type="0"/>
    <Peak1D F1="7.7736" intensity="0.36" type="0"/>
    <Peak1D F1="7.7700" intensity="0.36" type="0"/>
    <Peak1D F1="7.7600" intensity="0.33" type="0"/>
    <Peak1D F1="7.7564" intensity="0.33" type="0"/>
    <Peak1D F1="7.7243" intensity="0.09" type="0"/>
    <Peak1D F1="7.7230" intensity="0.09" type="0"/>
    <Peak1D F1="7.7132" intensity="0.13" type="0"/>
    <Peak1D F1="7.6868" intensity="19.65" type="0"/>
    <Peak1D F1="7.6832" intensity="19.92" type="0"/>
    <Peak1D F1="7.6733" intensity="18.71" type="0"/>
    <Peak1D F1="7.6697" intensity="18.73" type="0"/>
    <Peak1D F1="7.5478" intensity="0.15" type="0"/>
    <Peak1D F1="7.5443" intensity="0.15" type="0"/>
    <Peak1D F1="7.5345" intensity="0.16" type="0"/>
    <Peak1D F1="7.5309" intensity="0.16" type="0"/>
    <Peak1D F1="7.4552" intensity="0.14" type="0"/>
    <Peak1D F1="7.2834" annotation="CDCl3" intensity="16.39" type="5"/>
    <Peak1D F1="7.2722" intensity="0.12" type="0"/>
    <Peak1D F1="7.2697" intensity="0.10" type="0"/>
    <Peak1D F1="7.1063" intensity="0.13" type="0"/>
    <Peak1D F1="6.4993" intensity="0.15" type="0"/>
    <Peak1D F1="6.4896" intensity="0.12" type="0"/>
    <Peak1D F1="6.4832" intensity="0.15" type="0"/>
    <Peak1D F1="6.4729" intensity="0.39" type="0"/>
    <Peak1D F1="6.4632" intensity="0.43" type="0"/>
    <Peak1D F1="6.4510" intensity="0.67" type="0"/>
    <Peak1D F1="6.4239" intensity="0.18" type="0"/>
    <Peak1D F1="4.9209" intensity="0.29" type="0"/>
    <Peak1D F1="4.9124" intensity="0.29" type="0"/>
    <Peak1D F1="4.5300" intensity="0.74" type="0"/>
    <Peak1D F1="4.2595" intensity="0.13" type="0"/>
    <Peak1D F1="4.2501" intensity="0.15" type="0"/>
    <Peak1D F1="4.2408" intensity="0.12" type="0"/>
    <Peak1D F1="4.1832" intensity="0.09" type="0"/>
    <Peak1D F1="4.1771" intensity="0.27" type="0"/>
    <Peak1D F1="4.1307" intensity="1.28" type="0"/>
    <Peak1D F1="4.1178" intensity="0.09" type="0"/>
    <Peak1D F1="4.0795" intensity="0.09" type="0"/>
    <Peak1D F1="4.0788" intensity="0.09" type="0"/>
    <Peak1D F1="4.0782" intensity="0.09" type="0"/>
    <Peak1D F1="4.0769" intensity="0.10" type="0"/>
    <Peak1D F1="4.0762" intensity="0.10" type="0"/>
    <Peak1D F1="4.0756" intensity="0.10" type="0"/>
    <Peak1D F1="4.0750" intensity="0.11" type="0"/>
    <Peak1D F1="4.0737" intensity="0.11" type="0"/>
    <Peak1D F1="4.0731" intensity="0.11" type="0"/>
    <Peak1D F1="4.0725" intensity="0.12" type="0"/>
    <Peak1D F1="4.0714" intensity="0.12" type="0"/>
    <Peak1D F1="4.0701" intensity="0.12" type="0"/>
    <Peak1D F1="4.0695" intensity="0.12" type="0"/>
    <Peak1D F1="4.0690" intensity="0.12" type="0"/>
    <Peak1D F1="4.0662" intensity="0.14" type="0"/>
    <Peak1D F1="4.0599" intensity="0.88" type="0"/>
    <Peak1D F1="4.0558" intensity="0.22" type="0"/>
    <Peak1D F1="4.0550" intensity="0.22" type="0"/>
    <Peak1D F1="4.0502" intensity="0.46" type="0"/>
    <Peak1D F1="4.0474" intensity="0.35" type="0"/>
    <Peak1D F1="4.0456" intensity="0.32" type="0"/>
    <Peak1D F1="4.0438" intensity="0.36" type="0"/>
    <Peak1D F1="4.0412" intensity="0.32" type="0"/>
    <Peak1D F1="4.0405" intensity="0.33" type="0"/>
    <Peak1D F1="4.0099" intensity="200.00" type="0"/>
    <Peak1D F1="3.9973" intensity="5.56" type="0"/>
    <Peak1D F1="3.9660" intensity="0.20" type="0"/>
    <Peak1D F1="3.9648" intensity="0.20" type="0"/>
    <Peak1D F1="3.9635" intensity="0.19" type="0"/>
    <Peak1D F1="3.9615" intensity="0.18" type="0"/>
    <Peak1D F1="3.9610" intensity="0.18" type="0"/>
    <Peak1D F1="3.9592" intensity="0.17" type="0"/>
    <Peak1D F1="3.9578" intensity="0.17" type="0"/>
    <Peak1D F1="3.9573" intensity="0.17" type="0"/>
    <Peak1D F1="3.9548" intensity="0.15" type="0"/>
    <Peak1D F1="3.9527" intensity="0.14" type="0"/>
    <Peak1D F1="3.9523" intensity="0.14" type="0"/>
    <Peak1D F1="3.9516" intensity="0.14" type="0"/>
    <Peak1D F1="3.9491" intensity="0.12" type="0"/>
    <Peak1D F1="3.9486" intensity="0.12" type="0"/>
    <Peak1D F1="3.9479" intensity="0.12" type="0"/>
    <Peak1D F1="3.9472" intensity="0.11" type="0"/>
    <Peak1D F1="3.9464" intensity="0.12" type="0"/>
    <Peak1D F1="3.9459" intensity="0.12" type="0"/>
    <Peak1D F1="3.9447" intensity="0.12" type="0"/>
    <Peak1D F1="3.9441" intensity="0.12" type="0"/>
    <Peak1D F1="3.9434" intensity="0.12" type="0"/>
    <Peak1D F1="3.9422" intensity="0.12" type="0"/>
    <Peak1D F1="3.9416" intensity="0.12" type="0"/>
    <Peak1D F1="3.9410" intensity="0.11" type="0"/>
    <Peak1D F1="3.9403" intensity="0.11" type="0"/>
    <Peak1D F1="3.9396" intensity="0.11" type="0"/>
    <Peak1D F1="3.9391" intensity="0.11" type="0"/>
    <Peak1D F1="3.9384" intensity="0.11" type="0"/>
    <Peak1D F1="3.9377" intensity="0.11" type="0"/>
    <Peak1D F1="3.9372" intensity="0.11" type="0"/>
    <Peak1D F1="3.9365" intensity="0.11" type="0"/>
    <Peak1D F1="3.9360" intensity="0.11" type="0"/>
    <Peak1D F1="3.9346" intensity="0.11" type="0"/>
    <Peak1D F1="3.9339" intensity="0.11" type="0"/>
    <Peak1D F1="3.9332" intensity="0.11" type="0"/>
    <Peak1D F1="3.9326" intensity="0.11" type="0"/>
    <Peak1D F1="3.9322" intensity="0.11" type="0"/>
    <Peak1D F1="3.9316" intensity="0.11" type="0"/>
    <Peak1D F1="3.9302" intensity="0.10" type="0"/>
    <Peak1D F1="3.9297" intensity="0.10" type="0"/>
    <Peak1D F1="3.9279" intensity="0.09" type="0"/>
    <Peak1D F1="3.9264" intensity="0.10" type="0"/>
    <Peak1D F1="3.9257" intensity="0.10" type="0"/>
    <Peak1D F1="3.9251" intensity="0.10" type="0"/>
    <Peak1D F1="3.9247" intensity="0.10" type="0"/>
    <Peak1D F1="3.9227" intensity="0.09" type="0"/>
    <Peak1D F1="3.9220" intensity="0.09" type="0"/>
    <Peak1D F1="3.9213" intensity="0.09" type="0"/>
    <Peak1D F1="3.9208" intensity="0.09" type="0"/>
    <Peak1D F1="3.9202" intensity="0.09" type="0"/>
    <Peak1D F1="3.9196" intensity="0.09" type="0"/>
    <Peak1D F1="3.9183" intensity="0.09" type="0"/>
    <Peak1D F1="3.8969" intensity="0.09" type="0"/>
    <Peak1D F1="3.8957" intensity="0.09" type="0"/>
    <Peak1D F1="3.8937" intensity="0.10" type="0"/>
    <Peak1D F1="3.8845" intensity="1.30" type="0"/>
    <Peak1D F1="3.8718" intensity="0.10" type="0"/>
    <Peak1D F1="3.8680" intensity="0.09" type="0"/>
    <Peak1D F1="3.8676" intensity="0.09" type="0"/>
    <Peak1D F1="3.8623" intensity="0.12" type="0"/>
    <Peak1D F1="3.8597" intensity="0.11" type="0"/>
    <Peak1D F1="3.8462" intensity="0.10" type="0"/>
    <Peak1D F1="3.8428" intensity="-0.09" type="0"/>
    <Peak1D F1="3.8374" intensity="0.20" type="0"/>
    <Peak1D F1="3.7422" intensity="0.30" type="0"/>
    <Peak1D F1="3.7350" intensity="0.39" type="0"/>
    <Peak1D F1="3.7271" intensity="0.39" type="0"/>
    <Peak1D F1="3.6949" intensity="32.23" type="0"/>
    <Peak1D F1="3.6921" intensity="33.72" type="0"/>
    <Peak1D F1="3.6784" intensity="0.57" type="0"/>
    <Peak1D F1="3.6731" intensity="0.57" type="0"/>
    <Peak1D F1="3.6631" intensity="0.15" type="0"/>
    <Peak1D F1="3.6625" intensity="0.15" type="0"/>
    <Peak1D F1="3.6575" intensity="0.13" type="0"/>
    <Peak1D F1="3.6546" intensity="0.12" type="0"/>
    <Peak1D F1="3.6525" intensity="0.12" type="0"/>
    <Peak1D F1="3.6505" intensity="0.12" type="0"/>
    <Peak1D F1="3.6466" intensity="0.11" type="0"/>
    <Peak1D F1="3.6445" intensity="0.12" type="0"/>
    <Peak1D F1="3.6424" intensity="0.11" type="0"/>
    <Peak1D F1="3.6408" intensity="0.11" type="0"/>
    <Peak1D F1="3.6396" intensity="0.11" type="0"/>
    <Peak1D F1="3.6378" intensity="0.12" type="0"/>
    <Peak1D F1="3.6321" intensity="0.40" type="0"/>
    <Peak1D F1="3.6242" intensity="0.39" type="0"/>
    <Peak1D F1="3.6169" intensity="0.32" type="0"/>
    <Peak1D F1="3.5977" intensity="0.38" type="0"/>
    <Peak1D F1="3.5928" intensity="0.26" type="0"/>
    <Peak1D F1="3.5896" intensity="0.36" type="0"/>
    <Peak1D F1="3.5822" intensity="0.29" type="0"/>
    <Peak1D F1="3.5462" intensity="0.24" type="0"/>
    <Peak1D F1="3.5435" intensity="0.24" type="0"/>
    <Peak1D F1="3.4839" intensity="0.32" type="0"/>
    <Peak1D F1="3.4726" intensity="0.56" type="0"/>
    <Peak1D F1="3.4613" intensity="0.32" type="0"/>
    <Peak1D F1="3.4258" intensity="0.09" type="0"/>
    <Peak1D F1="3.2216" intensity="0.12" type="0"/>
    <Peak1D F1="3.2183" intensity="0.13" type="0"/>
    <Peak1D F1="3.2130" intensity="0.13" type="0"/>
    <Peak1D F1="3.2098" intensity="0.13" type="0"/>
    <Peak1D F1="3.0868" intensity="5.17" type="0"/>
    <Peak1D F1="3.0835" intensity="5.69" type="0"/>
    <Peak1D F1="3.0783" intensity="15.88" type="0"/>
    <Peak1D F1="3.0750" intensity="16.26" type="0"/>
    <Peak1D F1="3.0697" intensity="16.36" type="0"/>
    <Peak1D F1="3.0665" intensity="16.34" type="0"/>
    <Peak1D F1="3.0613" intensity="5.85" type="0"/>
    <Peak1D F1="3.0580" intensity="5.41" type="0"/>
    <Peak1D F1="3.0336" intensity="0.11" type="0"/>
    <Peak1D F1="3.0314" intensity="0.10" type="0"/>
    <Peak1D F1="3.0250" intensity="0.09" type="0"/>
    <Peak1D F1="2.9315" intensity="0.14" type="0"/>
    <Peak1D F1="2.9282" intensity="0.14" type="0"/>
    <Peak1D F1="2.9229" intensity="0.14" type="0"/>
    <Peak1D F1="2.9197" intensity="0.14" type="0"/>
    <Peak1D F1="2.5580" intensity="0.09" type="0"/>
    <Peak1D F1="2.5574" intensity="0.10" type="0"/>
    <Peak1D F1="2.5567" intensity="0.10" type="0"/>
    <Peak1D F1="2.5563" intensity="0.10" type="0"/>
    <Peak1D F1="2.5552" intensity="0.10" type="0"/>
    <Peak1D F1="2.5542" intensity="0.10" type="0"/>
    <Peak1D F1="2.5531" intensity="0.10" type="0"/>
    <Peak1D F1="2.5520" intensity="0.10" type="0"/>
    <Peak1D F1="2.5505" intensity="0.09" type="0"/>
    <Peak1D F1="2.5489" intensity="0.09" type="0"/>
    <Peak1D F1="2.5482" intensity="0.09" type="0"/>
    <Peak1D F1="2.5467" intensity="0.09" type="0"/>
    <Peak1D F1="2.5462" intensity="0.09" type="0"/>
    <Peak1D F1="2.3672" intensity="0.10" type="0"/>
    <Peak1D F1="2.1721" intensity="0.10" type="0"/>
    <Peak1D F1="2.0132" intensity="0.12" type="0"/>
    <Peak1D F1="1.9836" intensity="0.09" type="0"/>
    <Peak1D F1="1.9560" intensity="1.41" type="0"/>
    <Peak1D F1="1.9471" intensity="1.35" type="0"/>
    <Peak1D F1="1.9319" intensity="0.10" type="0"/>
    <Peak1D F1="1.9304" intensity="0.10" type="0"/>
    <Peak1D F1="1.9271" intensity="0.12" type="0"/>
    <Peak1D F1="1.9239" intensity="0.12" type="0"/>
    <Peak1D F1="1.9206" intensity="0.10" type="0"/>
    <Peak1D F1="1.9202" intensity="0.10" type="0"/>
    <Peak1D F1="1.9166" intensity="0.11" type="0"/>
    <Peak1D F1="1.9121" intensity="0.11" type="0"/>
    <Peak1D F1="1.9112" intensity="0.11" type="0"/>
    <Peak1D F1="1.9090" intensity="0.11" type="0"/>
    <Peak1D F1="1.9074" intensity="0.11" type="0"/>
    <Peak1D F1="1.9065" intensity="0.11" type="0"/>
    <Peak1D F1="1.9039" intensity="0.12" type="0"/>
    <Peak1D F1="1.9019" intensity="0.12" type="0"/>
    <Peak1D F1="1.9009" intensity="0.12" type="0"/>
    <Peak1D F1="1.9001" intensity="0.12" type="0"/>
    <Peak1D F1="1.8988" intensity="0.12" type="0"/>
    <Peak1D F1="1.8972" intensity="0.12" type="0"/>
    <Peak1D F1="1.8946" intensity="0.12" type="0"/>
    <Peak1D F1="1.8931" intensity="0.12" type="0"/>
    <Peak1D F1="1.8919" intensity="0.12" type="0"/>
    <Peak1D F1="1.8886" intensity="0.13" type="0"/>
    <Peak1D F1="1.8861" intensity="0.13" type="0"/>
    <Peak1D F1="1.8849" intensity="0.13" type="0"/>
    <Peak1D F1="1.8824" intensity="0.14" type="0"/>
    <Peak1D F1="1.8812" intensity="0.14" type="0"/>
    <Peak1D F1="1.8786" intensity="0.14" type="0"/>
    <Peak1D F1="1.8776" intensity="0.14" type="0"/>
    <Peak1D F1="1.8742" intensity="0.15" type="0"/>
    <Peak1D F1="1.8729" intensity="0.15" type="0"/>
    <Peak1D F1="1.8476" intensity="0.24" type="0"/>
    <Peak1D F1="1.7898" intensity="1.08" type="0"/>
    <Peak1D F1="1.7891" intensity="1.08" type="0"/>
    <Peak1D F1="1.7880" intensity="1.08" type="0"/>
    <Peak1D F1="1.7220" intensity="0.23" type="0"/>
    <Peak1D F1="1.7189" intensity="0.22" type="0"/>
    <Peak1D F1="1.7179" intensity="0.22" type="0"/>
    <Peak1D F1="1.7142" intensity="0.21" type="0"/>
    <Peak1D F1="1.7124" intensity="0.21" type="0"/>
    <Peak1D F1="1.7119" intensity="0.21" type="0"/>
    <Peak1D F1="1.7069" intensity="0.19" type="0"/>
    <Peak1D F1="1.7061" intensity="0.19" type="0"/>
    <Peak1D F1="1.7013" intensity="0.18" type="0"/>
    <Peak1D F1="1.7003" intensity="0.18" type="0"/>
    <Peak1D F1="1.6988" intensity="0.18" type="0"/>
    <Peak1D F1="1.6955" intensity="0.17" type="0"/>
    <Peak1D F1="1.6934" intensity="0.17" type="0"/>
    <Peak1D F1="1.6912" intensity="0.17" type="0"/>
    <Peak1D F1="1.6888" intensity="0.16" type="0"/>
    <Peak1D F1="1.6868" intensity="0.16" type="0"/>
    <Peak1D F1="1.6847" intensity="0.16" type="0"/>
    <Peak1D F1="1.6833" intensity="0.16" type="0"/>
    <Peak1D F1="1.6759" intensity="0.25" type="0"/>
    <Peak1D F1="1.6673" intensity="0.25" type="0"/>
    <Peak1D F1="1.6616" intensity="0.12" type="0"/>
    <Peak1D F1="1.6599" intensity="0.12" type="0"/>
    <Peak1D F1="1.6580" intensity="0.11" type="0"/>
    <Peak1D F1="1.6540" intensity="0.12" type="0"/>
    <Peak1D F1="1.6529" intensity="0.12" type="0"/>
    <Peak1D F1="1.6495" intensity="0.11" type="0"/>
    <Peak1D F1="1.6474" intensity="0.11" type="0"/>
    <Peak1D F1="1.6466" intensity="0.11" type="0"/>
    <Peak1D F1="1.6456" intensity="0.11" type="0"/>
    <Peak1D F1="1.6400" intensity="0.12" type="0"/>
    <Peak1D F1="1.6390" intensity="0.12" type="0"/>
    <Peak1D F1="1.6345" intensity="0.11" type="0"/>
    <Peak1D F1="1.6327" intensity="0.11" type="0"/>
    <Peak1D F1="1.6321" intensity="0.11" type="0"/>
    <Peak1D F1="1.6314" intensity="0.12" type="0"/>
    <Peak1D F1="1.6308" intensity="0.12" type="0"/>
    <Peak1D F1="1.6268" intensity="0.14" type="0"/>
    <Peak1D F1="1.6235" intensity="0.13" type="0"/>
    <Peak1D F1="1.6217" intensity="0.13" type="0"/>
    <Peak1D F1="1.6131" intensity="0.68" type="0"/>
    <Peak1D F1="1.6045" intensity="0.67" type="0"/>
    <Peak1D F1="1.5965" intensity="0.14" type="0"/>
    <Peak1D F1="1.5896" intensity="0.27" type="0"/>
    <Peak1D F1="1.5853" intensity="0.17" type="0"/>
    <Peak1D F1="1.5776" intensity="0.31" type="0"/>
    <Peak1D F1="1.5646" intensity="0.31" type="0"/>
    <Peak1D F1="1.5531" intensity="0.23" type="0"/>
    <Peak1D F1="1.5493" intensity="0.18" type="0"/>
    <Peak1D F1="1.5480" intensity="0.18" type="0"/>
    <Peak1D F1="1.5434" intensity="0.21" type="0"/>
    <Peak1D F1="1.5087" annotation="H2O" intensity="99.40" type="5"/>
    <Peak1D F1="1.5001" intensity="102.89" type="0"/>
    <Peak1D F1="1.4553" intensity="0.26" type="0"/>
    <Peak1D F1="1.4523" intensity="0.25" type="0"/>
    <Peak1D F1="1.4515" intensity="0.25" type="0"/>
    <Peak1D F1="1.4452" intensity="0.21" type="0"/>
    <Peak1D F1="1.4433" intensity="0.21" type="0"/>
    <Peak1D F1="1.4421" intensity="0.21" type="0"/>
    <Peak1D F1="1.4372" intensity="0.19" type="0"/>
    <Peak1D F1="1.4345" intensity="0.20" type="0"/>
    <Peak1D F1="1.4340" intensity="0.20" type="0"/>
    <Peak1D F1="1.4314" intensity="0.20" type="0"/>
    <Peak1D F1="1.4284" intensity="0.20" type="0"/>
    <Peak1D F1="1.4218" intensity="0.25" type="0"/>
    <Peak1D F1="1.4148" intensity="0.30" type="0"/>
    <Peak1D F1="1.4010" intensity="0.77" type="0"/>
    <Peak1D F1="1.3924" intensity="0.74" type="0"/>
    <Peak1D F1="1.3825" intensity="0.31" type="0"/>
    <Peak1D F1="1.3699" intensity="0.37" type="0"/>
    <Peak1D F1="1.3573" intensity="0.39" type="0"/>
    <Peak1D F1="1.3479" intensity="0.27" type="0"/>
    <Peak1D F1="1.3449" intensity="0.34" type="0"/>
    <Peak1D F1="1.3356" intensity="0.22" type="0"/>
    <Peak1D F1="1.3294" intensity="0.30" type="0"/>
    <Peak1D F1="1.3234" intensity="0.22" type="0"/>
    <Peak1D F1="1.3230" intensity="0.22" type="0"/>
    <Peak1D F1="1.3203" intensity="0.22" type="0"/>
    <Peak1D F1="1.3194" intensity="0.22" type="0"/>
    <Peak1D F1="1.3109" intensity="0.27" type="0"/>
    <Peak1D F1="1.2890" intensity="0.47" type="0"/>
    <Peak1D F1="1.2882" intensity="0.47" type="0"/>
    <Peak1D F1="1.2793" intensity="0.70" type="0"/>
    <Peak1D F1="1.2752" intensity="0.63" type="0"/>
    <Peak1D F1="1.2475" intensity="5.42" type="0"/>
    <Peak1D F1="1.2380" intensity="1.63" type="0"/>
    <Peak1D F1="1.2131" intensity="0.52" type="0"/>
    <Peak1D F1="1.2120" intensity="0.51" type="0"/>
    <Peak1D F1="1.2016" intensity="0.43" type="0"/>
    <Peak1D F1="1.1878" intensity="0.32" type="0"/>
    <Peak1D F1="1.1863" intensity="0.32" type="0"/>
    <Peak1D F1="1.1789" intensity="0.25" type="0"/>
    <Peak1D F1="1.1755" intensity="0.28" type="0"/>
    <Peak1D F1="1.1634" intensity="0.21" type="0"/>
    <Peak1D F1="1.1626" intensity="0.21" type="0"/>
    <Peak1D F1="1.1617" intensity="0.21" type="0"/>
    <Peak1D F1="1.1604" intensity="0.20" type="0"/>
    <Peak1D F1="1.1583" intensity="0.20" type="0"/>
    <Peak1D F1="1.1576" intensity="0.20" type="0"/>
    <Peak1D F1="1.1568" intensity="0.20" type="0"/>
    <Peak1D F1="1.1501" intensity="0.22" type="0"/>
    <Peak1D F1="1.1445" intensity="0.20" type="0"/>
    <Peak1D F1="1.1414" intensity="0.21" type="0"/>
    <Peak1D F1="1.1341" intensity="0.18" type="0"/>
    <Peak1D F1="1.1322" intensity="0.18" type="0"/>
    <Peak1D F1="1.1307" intensity="0.18" type="0"/>
    <Peak1D F1="1.1286" intensity="0.17" type="0"/>
    <Peak1D F1="1.1266" intensity="0.17" type="0"/>
    <Peak1D F1="1.1241" intensity="0.16" type="0"/>
    <Peak1D F1="1.1227" intensity="0.16" type="0"/>
    <Peak1D F1="1.1207" intensity="0.16" type="0"/>
    <Peak1D F1="1.1201" intensity="0.16" type="0"/>
    <Peak1D F1="1.1185" intensity="0.16" type="0"/>
    <Peak1D F1="1.1159" intensity="0.16" type="0"/>
    <Peak1D F1="1.1148" intensity="0.16" type="0"/>
    <Peak1D F1="1.1139" intensity="0.16" type="0"/>
    <Peak1D F1="1.1127" intensity="0.15" type="0"/>
    <Peak1D F1="1.1117" intensity="0.15" type="0"/>
    <Peak1D F1="1.1109" intensity="0.16" type="0"/>
    <Peak1D F1="1.1077" intensity="0.16" type="0"/>
    <Peak1D F1="1.0967" intensity="0.25" type="0"/>
    <Peak1D F1="1.0916" intensity="0.20" type="0"/>
    <Peak1D F1="1.0876" intensity="0.23" type="0"/>
    <Peak1D F1="1.0795" intensity="0.15" type="0"/>
    <Peak1D F1="1.0787" intensity="0.15" type="0"/>
    <Peak1D F1="1.0771" intensity="0.15" type="0"/>
    <Peak1D F1="1.0756" intensity="0.15" type="0"/>
    <Peak1D F1="1.0704" intensity="0.17" type="0"/>
    <Peak1D F1="1.0670" intensity="0.16" type="0"/>
    <Peak1D F1="1.0645" intensity="0.15" type="0"/>
    <Peak1D F1="1.0637" intensity="0.15" type="0"/>
    <Peak1D F1="1.0620" intensity="0.15" type="0"/>
    <Peak1D F1="1.0591" intensity="0.17" type="0"/>
    <Peak1D F1="1.0570" intensity="0.16" type="0"/>
    <Peak1D F1="1.0501" intensity="0.14" type="0"/>
    <Peak1D F1="1.0476" intensity="0.14" type="0"/>
    <Peak1D F1="1.0449" intensity="0.14" type="0"/>
    <Peak1D F1="1.0427" intensity="0.13" type="0"/>
    <Peak1D F1="1.0388" intensity="0.12" type="0"/>
    <Peak1D F1="1.0360" intensity="0.12" type="0"/>
    <Peak1D F1="1.0333" intensity="0.11" type="0"/>
    <Peak1D F1="1.0317" intensity="0.11" type="0"/>
    <Peak1D F1="1.0306" intensity="0.11" type="0"/>
    <Peak1D F1="1.0288" intensity="0.11" type="0"/>
    <Peak1D F1="1.0272" intensity="0.11" type="0"/>
    <Peak1D F1="1.0228" intensity="0.10" type="0"/>
    <Peak1D F1="1.0175" intensity="0.13" type="0"/>
    <Peak1D F1="1.0135" intensity="0.10" type="0"/>
    <Peak1D F1="1.0091" intensity="0.11" type="0"/>
    <Peak1D F1="1.0064" intensity="0.10" type="0"/>
    <Peak1D F1="1.0059" intensity="0.10" type="0"/>
    <Peak1D F1="1.0040" intensity="0.10" type="0"/>
    <Peak1D F1="0.9977" intensity="0.11" type="0"/>
    <Peak1D F1="0.9935" intensity="0.09" type="0"/>
    <Peak1D F1="0.9922" intensity="0.09" type="0"/>
    <Peak1D F1="0.9899" intensity="0.10" type="0"/>
    <Peak1D F1="0.9868" intensity="0.10" type="0"/>
    <Peak1D F1="0.9856" intensity="0.10" type="0"/>
    <Peak1D F1="0.9791" intensity="0.11" type="0"/>
    <Peak1D F1="0.9784" intensity="0.11" type="0"/>
    <Peak1D F1="0.9772" intensity="0.11" type="0"/>
    <Peak1D F1="0.9739" intensity="0.10" type="0"/>
    <Peak1D F1="0.9700" intensity="0.09" type="0"/>
    <Peak1D F1="0.9660" intensity="0.13" type="0"/>
    <Peak1D F1="0.9626" intensity="0.10" type="0"/>
    <Peak1D F1="0.9593" intensity="0.09" type="0"/>
    <Peak1D F1="0.9581" intensity="0.09" type="0"/>
    <Peak1D F1="0.9562" intensity="0.10" type="0"/>
    <Peak1D F1="0.9552" intensity="0.10" type="0"/>
    <Peak1D F1="0.9543" intensity="0.10" type="0"/>
    <Peak1D F1="0.9503" intensity="0.13" type="0"/>
    <Peak1D F1="0.9466" intensity="0.10" type="0"/>
    <Peak1D F1="0.9453" intensity="0.10" type="0"/>
    <Peak1D F1="0.9412" intensity="0.12" type="0"/>
    <Peak1D F1="0.9386" intensity="0.12" type="0"/>
    <Peak1D F1="0.9355" intensity="0.12" type="0"/>
    <Peak1D F1="0.9270" intensity="0.53" type="0"/>
    <Peak1D F1="0.9147" intensity="0.92" type="0"/>
    <Peak1D F1="0.9023" intensity="0.52" type="0"/>
    <Peak1D F1="0.8966" intensity="0.22" type="0"/>
    <Peak1D F1="0.8939" intensity="0.23" type="0"/>
    <Peak1D F1="0.8839" intensity="0.52" type="0"/>
    <Peak1D F1="0.8727" intensity="0.76" type="0"/>
    <Peak1D F1="0.8607" intensity="0.51" type="0"/>
    <Peak1D F1="0.8528" intensity="0.31" type="0"/>
    <Peak1D F1="0.8486" intensity="0.35" type="0"/>
    <Peak1D F1="0.8452" intensity="0.33" type="0"/>
    <Peak1D F1="0.8333" intensity="0.42" type="0"/>
    <Peak1D F1="0.8248" intensity="0.32" type="0"/>
    <Peak1D F1="0.8127" intensity="0.19" type="0"/>
    <Peak1D F1="0.8090" intensity="0.19" type="0"/>
    <Peak1D F1="0.7990" intensity="0.12" type="0"/>
    <Peak1D F1="0.7976" intensity="0.12" type="0"/>
    <Peak1D F1="0.7970" intensity="0.12" type="0"/>
    <Peak1D F1="0.7898" intensity="0.10" type="0"/>
    <Peak1D F1="0.7890" intensity="0.10" type="0"/>
    <Peak1D F1="0.7861" intensity="0.10" type="0"/>
    <Peak1D F1="0.7849" intensity="0.10" type="0"/>
    <Peak1D F1="0.7838" intensity="0.09" type="0"/>
    <Peak1D F1="0.7814" intensity="0.09" type="0"/>
    <Peak1D F1="0.7781" intensity="0.09" type="0"/>
    <Peak1D F1="0.7769" intensity="0.09" type="0"/>
    <Peak1D F1="0.7672" intensity="0.10" type="0"/>
    <Peak1D F1="0.7648" intensity="0.10" type="0"/>
    <Peak1D F1="0.7638" intensity="0.10" type="0"/>
    <Peak1D F1="0.7588" intensity="0.10" type="0"/>
    <Peak1D F1="0.7568" intensity="0.11" type="0"/>
    <Peak1D F1="0.7548" intensity="0.10" type="0"/>
    <Peak1D F1="0.7525" intensity="0.10" type="0"/>
    <Peak1D F1="0.7507" intensity="0.10" type="0"/>
    <Peak1D F1="0.7491" intensity="0.10" type="0"/>
    <Peak1D F1="0.7486" intensity="0.10" type="0"/>
    <Peak1D F1="0.7472" intensity="0.10" type="0"/>
    <Peak1D F1="0.7442" intensity="0.11" type="0"/>
    <Peak1D F1="0.7381" intensity="0.13" type="0"/>
    <Peak1D F1="0.7322" intensity="0.09" type="0"/>
    <Peak1D F1="0.7232" intensity="0.10" type="0"/>
    <Peak1D F1="0.7218" intensity="0.10" type="0"/>
    <Peak1D F1="0.7176" intensity="0.12" type="0"/>
    <Peak1D F1="0.7052" intensity="0.14" type="0"/>
    <Peak1D F1="0.6925" intensity="0.09" type="0"/>
  </PeakList1D>
</PeakList>
