<?xml version="1.0" encoding="UTF-8"?>
<PeakList modified="2017-02-02T17:56:07">
  <PeakList2D>
    <PeakList2DHeader creator="liermann@OCNMR99" date="2017-02-02T17:56:07" expNo="5" name="caripyrin_1314534-36-5" owner="liermann" procNo="1" source="//ocnmr1/admin/JGU-NMR/Lehre/interessant">
      <PeakPickDetails># F2 peak picking range ( ppm )
# 2 F1P=9.50692844390869, 2 F2P=-0.506927528323009
# F1 peak picking range ( ppm )
# 1 F1P=152.826995849609, 1 F2P=-12.84255109699518
# MI=0.001 (= 51028.196875), MAXI=1.0 (= 5.1028196875E7)
# PEAK RESOL.=1, INTERPOL. TYPE=PARABOLIC, DIAG. GAP=-1, MAX. # PEAKS=2147483647
</PeakPickDetails>
    </PeakList2DHeader>
    <Peak2D F1="152.8270" F2="8.1101" intensity="-51774.28" type="0"/>
    <Peak2D F1="152.8270" F2="3.9149" intensity="55221.98" type="0"/>
    <Peak2D F1="152.6862" F2="7.6694" intensity="-63507.84" type="0"/>
    <Peak2D F1="152.6795" F2="3.6966" intensity="68165.72" type="0"/>
    <Peak2D F1="152.4609" F2="8.6854" intensity="-132503.72" type="0"/>
    <Peak2D F1="152.3866" F2="4.0015" intensity="-132891.55" type="0"/>
    <Peak2D F1="152.1852" F2="1.5141" intensity="108911.98" type="0"/>
    <Peak2D F1="152.1475" F2="8.6658" intensity="91913.75" type="0"/>
    <Peak2D F1="152.1439" F2="4.0221" intensity="127288.46" type="0"/>
    <Peak2D F1="151.5389" F2="8.6653" intensity="84138.19" type="0"/>
    <Peak2D F1="151.5359" F2="9.2018" intensity="76277.86" type="0"/>
    <Peak2D F1="151.2343" F2="3.9810" intensity="-61258.89" type="0"/>
    <Peak2D F1="151.0862" F2="4.0117" intensity="-143717.43" type="0"/>
    <Peak2D F1="151.0379" F2="3.9441" intensity="-195464.14" type="0"/>
    <Peak2D F1="151.0230" F2="8.6862" intensity="-66110.74" type="0"/>
    <Peak2D F1="150.8554" F2="3.9992" intensity="85905.05" type="0"/>
    <Peak2D F1="150.7180" F2="3.9311" intensity="344328.81" type="0"/>
    <Peak2D F1="150.4522" F2="3.8859" intensity="-129845.48" type="0"/>
    <Peak2D F1="150.4355" F2="3.7780" intensity="64956.40" type="0"/>
    <Peak2D F1="150.3981" F2="3.8463" intensity="147496.74" type="0"/>
    <Peak2D F1="150.3081" F2="3.9423" intensity="164346.27" type="0"/>
    <Peak2D F1="150.2249" F2="3.6990" intensity="52230.94" type="0"/>
    <Peak2D F1="150.2000" F2="3.7964" intensity="-63397.84" type="0"/>
    <Peak2D F1="150.1956" F2="4.0125" intensity="153641.86" type="0"/>
    <Peak2D F1="150.1872" F2="3.7377" intensity="-63567.96" type="0"/>
    <Peak2D F1="150.1485" F2="3.9108" intensity="-129079.78" type="0"/>
    <Peak2D F1="150.1026" F2="3.7675" intensity="-94912.09" type="0"/>
    <Peak2D F1="150.0299" F2="8.6652" intensity="141624.42" type="0"/>
    <Peak2D F1="150.0080" F2="3.9990" intensity="-79501.87" type="0"/>
    <Peak2D F1="149.9756" F2="3.7279" intensity="57294.26" type="0"/>
    <Peak2D F1="149.8747" F2="3.7856" intensity="71736.27" type="0"/>
    <Peak2D F1="149.8508" F2="3.7560" intensity="97584.47" type="0"/>
    <Peak2D F1="149.8222" F2="3.7174" intensity="-54606.06" type="0"/>
    <Peak2D F1="149.8149" F2="3.8345" intensity="-63317.67" type="0"/>
    <Peak2D F1="149.5947" F2="1.5046" intensity="83207.31" type="0"/>
    <Peak2D F1="149.5669" F2="3.7462" intensity="-71816.51" type="0"/>
    <Peak2D F1="149.5589" F2="3.7746" intensity="-69902.81" type="0"/>
    <Peak2D F1="149.4524" F2="8.6709" intensity="215267.89" type="0"/>
    <Peak2D F1="149.4268" F2="8.7248" intensity="328919.44" type="0"/>
    <Peak2D F1="149.4004" F2="3.6201" intensity="91343.15" type="0"/>
    <Peak2D F1="149.3840" F2="4.0113" intensity="-54990.54" type="0"/>
    <Peak2D F1="149.1408" F2="8.6862" intensity="-117567.42" type="0"/>
    <Peak2D F1="148.8541" F2="8.6721" intensity="472363.34" type="0"/>
    <Peak2D F1="148.5392" F2="4.0106" intensity="80871.60" type="0"/>
    <Peak2D F1="148.5133" F2="8.6766" intensity="-1455494.37" type="0"/>
    <Peak2D F1="148.4949" F2="8.1292" intensity="55681.87" type="0"/>
    <Peak2D F1="147.7759" F2="7.0026" intensity="70671.22" type="0"/>
    <Peak2D F1="147.7716" F2="8.4576" intensity="101628.87" type="0"/>
    <Peak2D F1="147.7685" F2="6.4493" intensity="90943.06" type="0"/>
    <Peak2D F1="147.7628" F2="9.1255" intensity="69487.41" type="0"/>
    <Peak2D F1="147.7524" F2="9.0385" intensity="56607.53" type="0"/>
    <Peak2D F1="147.7485" F2="9.0212" intensity="56320.13" type="0"/>
    <Peak2D F1="147.7432" F2="8.8912" intensity="199622.19" type="0"/>
    <Peak2D F1="147.7320" F2="8.8551" intensity="107628.22" type="0"/>
    <Peak2D F1="147.7308" F2="9.0536" intensity="64821.48" type="0"/>
    <Peak2D F1="147.7301" F2="8.1201" intensity="-895186.21" type="0"/>
    <Peak2D F1="147.7291" F2="8.6755" annotation="G4" intensity="40756698.61" type="0"/>
    <Peak2D F1="147.7270" F2="8.9758" intensity="67412.42" type="0"/>
    <Peak2D F1="147.7245" F2="8.8095" intensity="90017.16" type="0"/>
    <Peak2D F1="147.7201" F2="8.9595" intensity="82354.46" type="0"/>
    <Peak2D F1="147.7166" F2="9.2278" intensity="-640476.61" type="0"/>
    <Peak2D F1="147.6936" F2="9.2924" intensity="69846.37" type="0"/>
    <Peak2D F1="147.6894" F2="8.7801" intensity="180493.29" type="0"/>
    <Peak2D F1="147.6797" F2="8.0692" intensity="57488.77" type="0"/>
    <Peak2D F1="147.6793" F2="8.7457" intensity="183377.60" type="0"/>
    <Peak2D F1="147.6734" F2="9.2472" intensity="206245.95" type="0"/>
    <Peak2D F1="147.5867" F2="8.6336" intensity="-145955.94" type="0"/>
    <Peak2D F1="147.4557" F2="8.6196" intensity="-77044.80" type="0"/>
    <Peak2D F1="147.3560" F2="4.0002" intensity="-69322.73" type="0"/>
    <Peak2D F1="147.3035" F2="1.5177" intensity="-69676.95" type="0"/>
    <Peak2D F1="147.0908" F2="4.0120" intensity="77743.33" type="0"/>
    <Peak2D F1="146.9537" F2="8.1164" intensity="80241.00" type="0"/>
    <Peak2D F1="146.9460" F2="8.6742" intensity="-1585815.80" type="0"/>
    <Peak2D F1="146.6056" F2="8.6776" intensity="338655.44" type="0"/>
    <Peak2D F1="146.4346" F2="1.4975" intensity="-86525.15" type="0"/>
    <Peak2D F1="146.3684" F2="1.5181" intensity="97705.56" type="0"/>
    <Peak2D F1="146.3607" F2="8.6675" intensity="-190022.14" type="0"/>
    <Peak2D F1="146.0639" F2="3.9999" intensity="60378.05" type="0"/>
    <Peak2D F1="145.9927" F2="8.6791" intensity="101197.12" type="0"/>
    <Peak2D F1="145.9301" F2="4.0123" intensity="-61858.97" type="0"/>
    <Peak2D F1="145.7281" F2="8.6682" intensity="-123315.48" type="0"/>
    <Peak2D F1="144.1854" F2="8.6660" intensity="-65330.92" type="0"/>
    <Peak2D F1="143.9311" F2="8.6651" intensity="-65737.23" type="0"/>
    <Peak2D F1="143.7815" F2="4.0105" intensity="67752.45" type="0"/>
    <Peak2D F1="143.5845" F2="4.0222" intensity="-60083.39" type="0"/>
    <Peak2D F1="143.4655" F2="1.5052" intensity="-62315.80" type="0"/>
    <Peak2D F1="142.7042" F2="4.0104" intensity="61181.54" type="0"/>
    <Peak2D F1="142.1680" F2="4.0212" intensity="-57336.42" type="0"/>
    <Peak2D F1="141.1408" F2="1.4290" intensity="-89378.99" type="0"/>
    <Peak2D F1="141.1348" F2="4.0223" intensity="65593.87" type="0"/>
    <Peak2D F1="140.8092" F2="1.4102" intensity="202829.08" type="0"/>
    <Peak2D F1="140.7185" F2="4.0105" intensity="-66931.00" type="0"/>
    <Peak2D F1="140.5405" F2="1.4191" intensity="189018.01" type="0"/>
    <Peak2D F1="140.3407" F2="1.3715" intensity="-90907.04" type="0"/>
    <Peak2D F1="140.1625" F2="1.3968" intensity="-84303.50" type="0"/>
    <Peak2D F1="140.1107" F2="7.6865" intensity="-126807.51" type="0"/>
    <Peak2D F1="140.0434" F2="7.6725" intensity="-70469.87" type="0"/>
    <Peak2D F1="139.9530" F2="1.3420" intensity="54388.92" type="0"/>
    <Peak2D F1="139.3777" F2="3.9998" intensity="68748.86" type="0"/>
    <Peak2D F1="139.2875" F2="8.6757" intensity="-314896.12" type="0"/>
    <Peak2D F1="138.9292" F2="4.0112" intensity="-113633.78" type="0"/>
    <Peak2D F1="138.7318" F2="7.6712" intensity="78934.90" type="0"/>
    <Peak2D F1="138.0227" F2="1.4971" intensity="-77542.01" type="0"/>
    <Peak2D F1="137.8888" F2="1.5178" intensity="75616.25" type="0"/>
    <Peak2D F1="137.6039" F2="8.6765" intensity="-137412.07" type="0"/>
    <Peak2D F1="137.5890" F2="4.0008" intensity="72841.32" type="0"/>
    <Peak2D F1="137.3637" F2="3.6981" intensity="-62584.41" type="0"/>
    <Peak2D F1="137.2495" F2="8.3346" intensity="63599.87" type="0"/>
    <Peak2D F1="137.2473" F2="7.6698" intensity="108220.09" type="0"/>
    <Peak2D F1="137.1390" F2="7.9956" intensity="128253.50" type="0"/>
    <Peak2D F1="137.1016" F2="8.0083" intensity="164448.80" type="0"/>
    <Peak2D F1="136.8086" F2="7.6700" intensity="124873.81" type="0"/>
    <Peak2D F1="136.3644" F2="8.6759" intensity="-84965.72" type="0"/>
    <Peak2D F1="136.1289" F2="7.6717" intensity="166495.68" type="0"/>
    <Peak2D F1="135.4695" F2="7.6707" intensity="272539.23" type="0"/>
    <Peak2D F1="134.8768" F2="7.6709" intensity="597745.72" type="0"/>
    <Peak2D F1="134.5991" F2="8.0973" intensity="74079.07" type="0"/>
    <Peak2D F1="134.5673" F2="7.6859" intensity="-392860.39" type="0"/>
    <Peak2D F1="133.9616" F2="8.2409" intensity="-133127.50" type="0"/>
    <Peak2D F1="133.9263" F2="7.7606" intensity="98016.68" type="0"/>
    <Peak2D F1="133.8972" F2="7.7731" intensity="95923.07" type="0"/>
    <Peak2D F1="133.8208" F2="8.0963" intensity="-614797.23" type="0"/>
    <Peak2D F1="133.7783" F2="7.6719" annotation="G2" intensity="21134726.58" type="0"/>
    <Peak2D F1="133.7700" F2="8.1131" intensity="1097591.43" type="0"/>
    <Peak2D F1="133.7698" F2="8.2257" intensity="-227111.66" type="0"/>
    <Peak2D F1="133.7601" F2="7.6838" annotation="G2" intensity="19242564.65" type="0"/>
    <Peak2D F1="133.7592" F2="7.2354" intensity="54964.24" type="0"/>
    <Peak2D F1="133.7541" F2="8.1318" intensity="-295949.81" type="0"/>
    <Peak2D F1="133.7442" F2="7.9437" intensity="66040.14" type="0"/>
    <Peak2D F1="133.7403" F2="7.9584" intensity="61532.31" type="0"/>
    <Peak2D F1="133.7328" F2="7.1263" intensity="-426267.95" type="0"/>
    <Peak2D F1="133.7323" F2="7.7937" intensity="105028.04" type="0"/>
    <Peak2D F1="133.7262" F2="7.8847" intensity="76032.13" type="0"/>
    <Peak2D F1="133.7182" F2="7.8210" intensity="83279.97" type="0"/>
    <Peak2D F1="133.6905" F2="7.0976" intensity="100722.12" type="0"/>
    <Peak2D F1="133.6190" F2="8.6762" intensity="72507.50" type="0"/>
    <Peak2D F1="133.1152" F2="7.1105" intensity="58971.68" type="0"/>
    <Peak2D F1="133.0566" F2="7.7597" intensity="366464.23" type="0"/>
    <Peak2D F1="133.0146" F2="8.1191" intensity="-109608.59" type="0"/>
    <Peak2D F1="133.0122" F2="7.6707" intensity="-1336211.89" type="0"/>
    <Peak2D F1="132.6936" F2="1.5098" intensity="-66396.83" type="0"/>
    <Peak2D F1="132.6068" F2="7.6900" intensity="109649.96" type="0"/>
    <Peak2D F1="132.5053" F2="4.0121" intensity="93208.26" type="0"/>
    <Peak2D F1="132.3731" F2="7.6709" intensity="-310805.47" type="0"/>
    <Peak2D F1="132.0935" F2="8.1006" intensity="-58813.75" type="0"/>
    <Peak2D F1="132.0109" F2="8.1173" intensity="-96631.27" type="0"/>
    <Peak2D F1="131.7047" F2="7.6706" intensity="-206213.73" type="0"/>
    <Peak2D F1="131.4887" F2="6.4491" intensity="164525.69" type="0"/>
    <Peak2D F1="131.2891" F2="4.0215" intensity="60836.51" type="0"/>
    <Peak2D F1="131.1824" F2="7.6707" intensity="-142663.99" type="0"/>
    <Peak2D F1="130.4813" F2="7.6713" intensity="-104016.60" type="0"/>
    <Peak2D F1="129.8382" F2="4.0115" intensity="-61786.45" type="0"/>
    <Peak2D F1="129.7460" F2="7.6716" intensity="-89890.26" type="0"/>
    <Peak2D F1="129.2552" F2="7.6708" intensity="-82560.08" type="0"/>
    <Peak2D F1="128.0480" F2="8.1012" intensity="68782.74" type="0"/>
    <Peak2D F1="127.7892" F2="4.0123" intensity="-94913.32" type="0"/>
    <Peak2D F1="127.7009" F2="7.6709" intensity="-173379.11" type="0"/>
    <Peak2D F1="127.4481" F2="7.6843" intensity="-138300.44" type="0"/>
    <Peak2D F1="127.3951" F2="8.1017" intensity="72964.33" type="0"/>
    <Peak2D F1="126.9760" F2="6.4519" intensity="210696.41" type="0"/>
    <Peak2D F1="126.8100" F2="6.4210" intensity="93421.10" type="0"/>
    <Peak2D F1="126.7024" F2="8.1140" intensity="127659.77" type="0"/>
    <Peak2D F1="126.6917" F2="8.1022" intensity="140988.88" type="0"/>
    <Peak2D F1="126.5264" F2="1.5069" intensity="-81833.71" type="0"/>
    <Peak2D F1="126.1134" F2="8.1016" intensity="310757.11" type="0"/>
    <Peak2D F1="125.7690" F2="8.1172" intensity="-426700.51" type="0"/>
    <Peak2D F1="125.7652" F2="8.1009" intensity="-262993.14" type="0"/>
    <Peak2D F1="125.7497" F2="7.6705" intensity="-115701.72" type="0"/>
    <Peak2D F1="125.7431" F2="7.6912" intensity="63313.90" type="0"/>
    <Peak2D F1="125.3522" F2="4.0028" intensity="-57406.75" type="0"/>
    <Peak2D F1="125.1803" F2="8.0527" intensity="254949.67" type="0"/>
    <Peak2D F1="125.1271" F2="8.0675" intensity="321058.03" type="0"/>
    <Peak2D F1="125.1240" F2="7.5285" intensity="70520.00" type="0"/>
    <Peak2D F1="125.1125" F2="8.3154" intensity="94609.41" type="0"/>
    <Peak2D F1="125.0858" F2="4.0226" intensity="58138.46" type="0"/>
    <Peak2D F1="125.0637" F2="8.6873" intensity="83269.54" type="0"/>
    <Peak2D F1="124.9856" F2="8.6631" intensity="-271518.06" type="0"/>
    <Peak2D F1="124.9842" F2="7.5616" intensity="-425497.46" type="0"/>
    <Peak2D F1="124.9838" F2="8.1031" annotation="G3" intensity="17650027.19" type="0"/>
    <Peak2D F1="124.9796" F2="8.5502" intensity="83880.97" type="0"/>
    <Peak2D F1="124.9741" F2="8.1158" annotation="G3" intensity="22429088.66" type="0"/>
    <Peak2D F1="124.9731" F2="7.6551" intensity="-179126.87" type="0"/>
    <Peak2D F1="124.9689" F2="7.6917" intensity="-693729.50" type="0"/>
    <Peak2D F1="124.9555" F2="5.8976" intensity="57780.43" type="0"/>
    <Peak2D F1="124.9528" F2="8.4895" intensity="57800.35" type="0"/>
    <Peak2D F1="124.9490" F2="8.2232" intensity="125952.74" type="0"/>
    <Peak2D F1="124.9410" F2="8.2422" intensity="101128.34" type="0"/>
    <Peak2D F1="124.2087" F2="7.6770" intensity="-89222.57" type="0"/>
    <Peak2D F1="124.1864" F2="8.1035" intensity="-783759.07" type="0"/>
    <Peak2D F1="124.1773" F2="8.1136" intensity="-783723.30" type="0"/>
    <Peak2D F1="123.9247" F2="7.6681" intensity="-53618.94" type="0"/>
    <Peak2D F1="123.8381" F2="8.1176" intensity="217589.93" type="0"/>
    <Peak2D F1="123.5230" F2="8.1060" intensity="-121692.27" type="0"/>
    <Peak2D F1="123.5091" F2="1.5054" intensity="-72803.37" type="0"/>
    <Peak2D F1="123.0292" F2="4.0222" intensity="-57287.71" type="0"/>
    <Peak2D F1="122.8697" F2="8.1033" intensity="-97496.94" type="0"/>
    <Peak2D F1="122.2393" F2="8.1067" intensity="-67593.76" type="0"/>
    <Peak2D F1="120.6122" F2="4.0190" intensity="-65471.00" type="0"/>
    <Peak2D F1="120.1672" F2="1.4978" intensity="57434.38" type="0"/>
    <Peak2D F1="119.1727" F2="1.5069" intensity="59136.61" type="0"/>
    <Peak2D F1="118.7472" F2="4.0016" intensity="67554.70" type="0"/>
    <Peak2D F1="117.9261" F2="8.1022" intensity="-148657.81" type="0"/>
    <Peak2D F1="117.8787" F2="4.0192" intensity="-55468.50" type="0"/>
    <Peak2D F1="117.8420" F2="8.1141" intensity="-136697.34" type="0"/>
    <Peak2D F1="116.4529" F2="4.0134" intensity="-69217.51" type="0"/>
    <Peak2D F1="116.3195" F2="3.9992" intensity="57339.46" type="0"/>
    <Peak2D F1="116.1284" F2="1.4970" intensity="73327.68" type="0"/>
    <Peak2D F1="115.9742" F2="1.5185" intensity="-51984.80" type="0"/>
    <Peak2D F1="114.7284" F2="4.0126" intensity="56520.73" type="0"/>
    <Peak2D F1="114.1703" F2="1.5065" intensity="-51973.36" type="0"/>
    <Peak2D F1="113.2533" F2="4.0020" intensity="57721.65" type="0"/>
    <Peak2D F1="113.2179" F2="4.0209" intensity="-79621.98" type="0"/>
    <Peak2D F1="111.2763" F2="1.5170" intensity="-57559.79" type="0"/>
    <Peak2D F1="110.1551" F2="3.9996" intensity="67312.16" type="0"/>
    <Peak2D F1="109.6371" F2="4.0106" intensity="-92147.61" type="0"/>
    <Peak2D F1="109.2072" F2="4.0213" intensity="60325.03" type="0"/>
    <Peak2D F1="108.9076" F2="4.0005" intensity="-73066.19" type="0"/>
    <Peak2D F1="108.6406" F2="4.0127" intensity="85822.69" type="0"/>
    <Peak2D F1="108.6217" F2="1.5178" intensity="-56386.67" type="0"/>
    <Peak2D F1="108.1724" F2="1.5061" intensity="57721.72" type="0"/>
    <Peak2D F1="107.2247" F2="4.0116" intensity="76200.28" type="0"/>
    <Peak2D F1="105.4628" F2="4.0118" intensity="54225.62" type="0"/>
    <Peak2D F1="104.5528" F2="4.0218" intensity="84431.78" type="0"/>
    <Peak2D F1="104.4605" F2="4.0100" intensity="-58889.24" type="0"/>
    <Peak2D F1="103.9000" F2="4.0015" intensity="59136.12" type="0"/>
    <Peak2D F1="103.4947" F2="4.0229" intensity="-64439.40" type="0"/>
    <Peak2D F1="103.2590" F2="1.5071" intensity="-80528.76" type="0"/>
    <Peak2D F1="102.5059" F2="4.0034" intensity="53130.95" type="0"/>
    <Peak2D F1="101.7303" F2="1.5174" intensity="-64936.94" type="0"/>
    <Peak2D F1="101.7270" F2="1.4967" intensity="82417.93" type="0"/>
    <Peak2D F1="101.0693" F2="1.5057" intensity="-69305.49" type="0"/>
    <Peak2D F1="100.1425" F2="4.0224" intensity="89265.48" type="0"/>
    <Peak2D F1="98.5858" F2="4.0041" intensity="-64986.25" type="0"/>
    <Peak2D F1="96.6967" F2="8.6770" intensity="-57535.29" type="0"/>
    <Peak2D F1="95.7626" F2="1.4993" intensity="59329.34" type="0"/>
    <Peak2D F1="95.7138" F2="4.0135" intensity="67751.31" type="0"/>
    <Peak2D F1="94.1811" F2="4.0117" intensity="86229.85" type="0"/>
    <Peak2D F1="93.8937" F2="3.9993" intensity="-54737.38" type="0"/>
    <Peak2D F1="92.4650" F2="4.0206" intensity="-52423.89" type="0"/>
    <Peak2D F1="91.4523" F2="4.0117" intensity="113826.14" type="0"/>
    <Peak2D F1="89.3421" F2="4.0104" intensity="74788.14" type="0"/>
    <Peak2D F1="88.3201" F2="4.0114" intensity="-67792.96" type="0"/>
    <Peak2D F1="86.3480" F2="1.5068" intensity="76489.04" type="0"/>
    <Peak2D F1="84.9078" F2="3.9998" intensity="-72747.54" type="0"/>
    <Peak2D F1="84.7191" F2="4.0214" intensity="97797.70" type="0"/>
    <Peak2D F1="84.1902" F2="1.4975" intensity="-59549.69" type="0"/>
    <Peak2D F1="83.8836" F2="4.0107" intensity="59314.80" type="0"/>
    <Peak2D F1="83.1152" F2="4.0230" intensity="62159.44" type="0"/>
    <Peak2D F1="82.2371" F2="4.0221" intensity="-58481.46" type="0"/>
    <Peak2D F1="81.6091" F2="1.5132" intensity="-69076.57" type="0"/>
    <Peak2D F1="81.3078" F2="4.0116" intensity="-79916.78" type="0"/>
    <Peak2D F1="80.1924" F2="4.0193" intensity="79097.67" type="0"/>
    <Peak2D F1="80.1152" F2="4.0018" intensity="68767.67" type="0"/>
    <Peak2D F1="77.9479" F2="4.0105" intensity="-73171.09" type="0"/>
    <Peak2D F1="77.7672" F2="7.2824" intensity="-189607.27" type="0"/>
    <Peak2D F1="77.1310" F2="4.0108" intensity="64959.42" type="0"/>
    <Peak2D F1="77.0291" F2="7.2814" intensity="376707.87" type="0"/>
    <Peak2D F1="75.7107" F2="4.0112" intensity="82087.33" type="0"/>
    <Peak2D F1="75.1230" F2="3.6895" intensity="-59617.79" type="0"/>
    <Peak2D F1="74.2028" F2="3.0638" intensity="-52626.07" type="0"/>
    <Peak2D F1="73.2488" F2="1.4980" intensity="-68151.41" type="0"/>
    <Peak2D F1="72.5343" F2="3.6229" intensity="-210269.74" type="0"/>
    <Peak2D F1="72.2603" F2="3.6951" intensity="-54400.49" type="0"/>
    <Peak2D F1="71.4773" F2="3.0640" intensity="-68491.69" type="0"/>
    <Peak2D F1="71.3442" F2="3.4724" intensity="-201754.94" type="0"/>
    <Peak2D F1="71.2592" F2="4.2486" intensity="146407.90" type="0"/>
    <Peak2D F1="70.4444" F2="3.6801" intensity="-263881.23" type="0"/>
    <Peak2D F1="70.2691" F2="3.0637" intensity="-82018.20" type="0"/>
    <Peak2D F1="70.2231" F2="3.5893" intensity="-251334.69" type="0"/>
    <Peak2D F1="70.0584" F2="1.4992" intensity="-89467.29" type="0"/>
    <Peak2D F1="69.5603" F2="1.5181" intensity="67210.16" type="0"/>
    <Peak2D F1="69.0571" F2="3.6908" intensity="-92424.82" type="0"/>
    <Peak2D F1="68.4215" F2="3.6957" intensity="-96048.74" type="0"/>
    <Peak2D F1="67.4142" F2="3.6893" intensity="-103674.94" type="0"/>
    <Peak2D F1="67.3886" F2="3.9985" intensity="-57444.21" type="0"/>
    <Peak2D F1="67.2980" F2="4.0140" intensity="67406.82" type="0"/>
    <Peak2D F1="65.8317" F2="3.6903" intensity="-117613.10" type="0"/>
    <Peak2D F1="65.7970" F2="3.0644" intensity="-158964.90" type="0"/>
    <Peak2D F1="65.3382" F2="1.5175" intensity="78049.23" type="0"/>
    <Peak2D F1="65.2557" F2="1.4982" intensity="-92416.80" type="0"/>
    <Peak2D F1="64.5686" F2="4.5294" intensity="-75535.18" type="0"/>
    <Peak2D F1="64.5634" F2="4.9153" intensity="239846.81" type="0"/>
    <Peak2D F1="64.5630" F2="1.5082" intensity="-90589.86" type="0"/>
    <Peak2D F1="63.9337" F2="3.6905" intensity="-169564.73" type="0"/>
    <Peak2D F1="63.7332" F2="4.0003" intensity="-69941.31" type="0"/>
    <Peak2D F1="63.6190" F2="3.0645" intensity="-250202.92" type="0"/>
    <Peak2D F1="63.4847" F2="1.4980" intensity="-93135.87" type="0"/>
    <Peak2D F1="63.4625" F2="8.6759" intensity="-56405.46" type="0"/>
    <Peak2D F1="62.7741" F2="3.6910" intensity="-213551.55" type="0"/>
    <Peak2D F1="62.1045" F2="1.5082" intensity="-98373.54" type="0"/>
    <Peak2D F1="61.9061" F2="4.0109" intensity="-64684.98" type="0"/>
    <Peak2D F1="61.9057" F2="3.7330" intensity="-207528.51" type="0"/>
    <Peak2D F1="61.5824" F2="3.0847" intensity="205845.43" type="0"/>
    <Peak2D F1="60.8803" F2="3.0863" intensity="229397.27" type="0"/>
    <Peak2D F1="60.4961" F2="1.5026" intensity="-148757.41" type="0"/>
    <Peak2D F1="60.4442" F2="3.0640" intensity="-1969518.83" type="0"/>
    <Peak2D F1="60.3573" F2="1.4850" intensity="85034.61" type="0"/>
    <Peak2D F1="60.3395" F2="4.0105" intensity="-65613.63" type="0"/>
    <Peak2D F1="59.9810" F2="2.5116" intensity="-109667.42" type="0"/>
    <Peak2D F1="59.9550" F2="3.6416" intensity="-75366.15" type="0"/>
    <Peak2D F1="59.7547" F2="3.3057" intensity="-53904.15" type="0"/>
    <Peak2D F1="59.7378" F2="3.3473" intensity="-53316.86" type="0"/>
    <Peak2D F1="59.7208" F2="3.0719" annotation="G0" intensity="14063121.18" type="0"/>
    <Peak2D F1="59.7154" F2="2.6372" intensity="59652.60" type="0"/>
    <Peak2D F1="59.7099" F2="1.5187" intensity="-445178.37" type="0"/>
    <Peak2D F1="59.7021" F2="2.6703" intensity="55892.55" type="0"/>
    <Peak2D F1="59.6683" F2="2.8688" intensity="66774.41" type="0"/>
    <Peak2D F1="59.6575" F2="2.9584" intensity="118382.08" type="0"/>
    <Peak2D F1="59.6362" F2="1.4996" intensity="513017.45" type="0"/>
    <Peak2D F1="59.6291" F2="2.9062" intensity="83594.68" type="0"/>
    <Peak2D F1="59.5835" F2="3.1862" intensity="-56987.81" type="0"/>
    <Peak2D F1="59.5526" F2="3.6901" intensity="-503719.05" type="0"/>
    <Peak2D F1="59.5408" F2="3.1059" intensity="-213418.41" type="0"/>
    <Peak2D F1="59.4142" F2="1.4845" intensity="-191116.50" type="0"/>
    <Peak2D F1="59.3183" F2="2.5047" intensity="79961.37" type="0"/>
    <Peak2D F1="59.2058" F2="3.6274" intensity="68306.42" type="0"/>
    <Peak2D F1="58.9913" F2="3.0845" intensity="-504733.25" type="0"/>
    <Peak2D F1="58.8967" F2="4.0096" intensity="-139026.21" type="0"/>
    <Peak2D F1="58.7370" F2="3.0643" intensity="934297.10" type="0"/>
    <Peak2D F1="58.4944" F2="3.1315" intensity="-76667.35" type="0"/>
    <Peak2D F1="58.4004" F2="4.0102" intensity="-126832.94" type="0"/>
    <Peak2D F1="58.2749" F2="1.5157" intensity="-81351.53" type="0"/>
    <Peak2D F1="58.1059" F2="3.6904" intensity="-1090467.84" type="0"/>
    <Peak2D F1="58.0624" F2="1.4988" intensity="61885.43" type="0"/>
    <Peak2D F1="57.8080" F2="4.0107" intensity="-121072.88" type="0"/>
    <Peak2D F1="57.5731" F2="3.6901" intensity="-2704777.36" type="0"/>
    <Peak2D F1="57.0962" F2="1.5083" intensity="-84918.82" type="0"/>
    <Peak2D F1="57.0212" F2="3.0867" intensity="-118649.21" type="0"/>
    <Peak2D F1="56.9977" F2="3.1319" intensity="-398650.75" type="0"/>
    <Peak2D F1="56.9739" F2="4.2336" intensity="172841.07" type="0"/>
    <Peak2D F1="56.9600" F2="4.2562" intensity="-416673.25" type="0"/>
    <Peak2D F1="56.9527" F2="3.1539" intensity="126132.06" type="0"/>
    <Peak2D F1="56.9243" F2="3.6190" intensity="91716.50" type="0"/>
    <Peak2D F1="56.8723" F2="3.4155" intensity="89463.08" type="0"/>
    <Peak2D F1="56.8692" F2="3.7583" intensity="-117346.31" type="0"/>
    <Peak2D F1="56.8550" F2="3.9268" intensity="-77744.66" type="0"/>
    <Peak2D F1="56.8375" F2="3.4753" intensity="152074.55" type="0"/>
    <Peak2D F1="56.8357" F2="3.5794" intensity="68187.71" type="0"/>
    <Peak2D F1="56.8205" F2="3.8513" intensity="-67783.95" type="0"/>
    <Peak2D F1="56.7922" F2="3.6915" annotation="G1" intensity="17914844.81" type="0"/>
    <Peak2D F1="56.7740" F2="3.6692" intensity="246233.79" type="0"/>
    <Peak2D F1="56.7573" F2="3.7211" intensity="-126798.43" type="0"/>
    <Peak2D F1="56.7309" F2="3.5264" intensity="55235.10" type="0"/>
    <Peak2D F1="56.3847" F2="4.2452" intensity="76329.00" type="0"/>
    <Peak2D F1="56.2300" F2="4.0089" intensity="-117147.01" type="0"/>
    <Peak2D F1="56.1505" F2="1.5084" intensity="78240.80" type="0"/>
    <Peak2D F1="56.1445" F2="3.1327" intensity="83544.32" type="0"/>
    <Peak2D F1="55.8237" F2="3.6902" intensity="1346825.60" type="0"/>
    <Peak2D F1="55.7019" F2="3.0855" intensity="-82845.92" type="0"/>
    <Peak2D F1="55.6931" F2="4.0098" intensity="-186327.59" type="0"/>
    <Peak2D F1="55.1119" F2="4.0096" intensity="-246544.17" type="0"/>
    <Peak2D F1="54.5353" F2="1.5094" intensity="55203.95" type="0"/>
    <Peak2D F1="54.4667" F2="4.0083" intensity="-220125.83" type="0"/>
    <Peak2D F1="54.1231" F2="4.0115" intensity="409657.20" type="0"/>
    <Peak2D F1="53.7940" F2="4.0098" intensity="-1201023.91" type="0"/>
    <Peak2D F1="53.7232" F2="3.6897" intensity="420970.02" type="0"/>
    <Peak2D F1="53.4991" F2="3.0635" intensity="146887.48" type="0"/>
    <Peak2D F1="53.1362" F2="4.5699" intensity="-705612.05" type="0"/>
    <Peak2D F1="53.1058" F2="3.4678" intensity="179554.78" type="0"/>
    <Peak2D F1="53.0745" F2="3.5115" intensity="58327.48" type="0"/>
    <Peak2D F1="52.9985" F2="4.2252" intensity="186398.40" type="0"/>
    <Peak2D F1="52.9982" F2="3.7908" intensity="124634.61" type="0"/>
    <Peak2D F1="52.9919" F2="1.7918" intensity="-82333.48" type="0"/>
    <Peak2D F1="52.9893" F2="4.0103" annotation="G6" intensity="51323095.82" type="0"/>
    <Peak2D F1="52.9820" F2="3.8477" intensity="65986.15" type="0"/>
    <Peak2D F1="52.9704" F2="4.5547" intensity="343091.55" type="0"/>
    <Peak2D F1="52.9629" F2="4.1182" intensity="62296.94" type="0"/>
    <Peak2D F1="52.9377" F2="6.2289" intensity="-84832.93" type="0"/>
    <Peak2D F1="52.7607" F2="3.9525" intensity="-55280.56" type="0"/>
    <Peak2D F1="52.4505" F2="3.6909" intensity="290694.68" type="0"/>
    <Peak2D F1="52.3090" F2="4.5674" intensity="90480.40" type="0"/>
    <Peak2D F1="52.3066" F2="3.4514" intensity="72665.61" type="0"/>
    <Peak2D F1="52.1751" F2="4.0069" intensity="-207668.51" type="0"/>
    <Peak2D F1="51.8967" F2="4.0101" intensity="1178353.06" type="0"/>
    <Peak2D F1="51.6052" F2="3.4527" intensity="68625.37" type="0"/>
    <Peak2D F1="51.5958" F2="4.5691" intensity="69892.83" type="0"/>
    <Peak2D F1="51.2559" F2="4.0098" intensity="359884.82" type="0"/>
    <Peak2D F1="50.5246" F2="4.0246" intensity="-101780.66" type="0"/>
    <Peak2D F1="50.1376" F2="4.0112" intensity="178928.31" type="0"/>
    <Peak2D F1="49.7722" F2="3.6900" intensity="177800.07" type="0"/>
    <Peak2D F1="49.6522" F2="3.9981" intensity="-64270.01" type="0"/>
    <Peak2D F1="49.4344" F2="3.0634" intensity="85379.40" type="0"/>
    <Peak2D F1="48.7474" F2="4.0232" intensity="-119122.39" type="0"/>
    <Peak2D F1="48.6556" F2="4.0098" intensity="198860.27" type="0"/>
    <Peak2D F1="48.0439" F2="3.0632" intensity="80863.92" type="0"/>
    <Peak2D F1="46.7539" F2="3.6893" intensity="132489.75" type="0"/>
    <Peak2D F1="46.6603" F2="4.0241" intensity="-67504.37" type="0"/>
    <Peak2D F1="46.4136" F2="3.0644" intensity="65672.76" type="0"/>
    <Peak2D F1="45.3103" F2="4.0115" intensity="124463.21" type="0"/>
    <Peak2D F1="45.0139" F2="3.6888" intensity="110977.35" type="0"/>
    <Peak2D F1="44.2101" F2="4.0225" intensity="92786.80" type="0"/>
    <Peak2D F1="43.9473" F2="3.0628" intensity="56886.60" type="0"/>
    <Peak2D F1="43.4977" F2="3.6889" intensity="105950.35" type="0"/>
    <Peak2D F1="43.0869" F2="4.0113" intensity="-53476.42" type="0"/>
    <Peak2D F1="42.9201" F2="1.4977" intensity="68324.69" type="0"/>
    <Peak2D F1="42.0505" F2="4.0208" intensity="56885.74" type="0"/>
    <Peak2D F1="41.5568" F2="4.0124" intensity="-66553.73" type="0"/>
    <Peak2D F1="41.3002" F2="4.0012" intensity="100783.95" type="0"/>
    <Peak2D F1="40.8924" F2="3.6890" intensity="84405.88" type="0"/>
    <Peak2D F1="40.8772" F2="1.5074" intensity="54384.30" type="0"/>
    <Peak2D F1="40.4142" F2="4.0104" intensity="75727.78" type="0"/>
    <Peak2D F1="39.2055" F2="4.0203" intensity="52830.41" type="0"/>
    <Peak2D F1="38.6627" F2="3.6882" intensity="61455.98" type="0"/>
    <Peak2D F1="38.1212" F2="4.0217" intensity="-89091.23" type="0"/>
    <Peak2D F1="37.3180" F2="4.0131" intensity="-58998.74" type="0"/>
    <Peak2D F1="36.0895" F2="1.2511" intensity="-61743.28" type="0"/>
    <Peak2D F1="36.0363" F2="1.4978" intensity="56220.33" type="0"/>
    <Peak2D F1="35.7397" F2="4.0105" intensity="-58545.48" type="0"/>
    <Peak2D F1="35.5427" F2="4.0215" intensity="61777.21" type="0"/>
    <Peak2D F1="35.0672" F2="3.9999" intensity="61766.83" type="0"/>
    <Peak2D F1="34.8343" F2="1.4971" intensity="108943.37" type="0"/>
    <Peak2D F1="33.9268" F2="4.0110" intensity="108250.84" type="0"/>
    <Peak2D F1="33.5453" F2="1.2021" intensity="-91111.39" type="0"/>
    <Peak2D F1="33.3025" F2="1.4982" intensity="63264.01" type="0"/>
    <Peak2D F1="32.0334" F2="1.4976" intensity="93763.87" type="0"/>
    <Peak2D F1="31.9730" F2="1.2502" intensity="-150925.50" type="0"/>
    <Peak2D F1="31.7282" F2="4.0116" intensity="-126109.36" type="0"/>
    <Peak2D F1="31.6941" F2="1.5755" intensity="-108744.58" type="0"/>
    <Peak2D F1="31.2667" F2="1.5077" intensity="-54331.03" type="0"/>
    <Peak2D F1="30.9857" F2="1.5194" intensity="60829.81" type="0"/>
    <Peak2D F1="30.1096" F2="1.3313" intensity="57961.34" type="0"/>
    <Peak2D F1="30.0931" F2="1.4985" intensity="134924.38" type="0"/>
    <Peak2D F1="29.7472" F2="4.0112" intensity="-73285.67" type="0"/>
    <Peak2D F1="29.7107" F2="1.2485" intensity="-2628118.18" type="0"/>
    <Peak2D F1="28.9069" F2="1.2452" intensity="102381.84" type="0"/>
    <Peak2D F1="27.7871" F2="4.0120" intensity="-75316.61" type="0"/>
    <Peak2D F1="27.7432" F2="1.4990" intensity="206108.39" type="0"/>
    <Peak2D F1="26.7243" F2="1.2239" intensity="-78406.49" type="0"/>
    <Peak2D F1="26.7127" F2="4.0207" intensity="-69025.59" type="0"/>
    <Peak2D F1="26.2620" F2="1.4974" intensity="212171.77" type="0"/>
    <Peak2D F1="25.3657" F2="4.0112" intensity="79938.95" type="0"/>
    <Peak2D F1="24.9783" F2="4.0214" intensity="-59404.29" type="0"/>
    <Peak2D F1="23.7932" F2="1.5038" intensity="826347.78" type="0"/>
    <Peak2D F1="23.4607" F2="1.4837" intensity="-100621.68" type="0"/>
    <Peak2D F1="23.1684" F2="4.0113" intensity="65705.15" type="0"/>
    <Peak2D F1="23.1440" F2="1.2561" intensity="-72908.60" type="0"/>
    <Peak2D F1="22.7583" F2="1.2777" intensity="-104305.71" type="0"/>
    <Peak2D F1="22.7215" F2="0.8539" intensity="66484.12" type="0"/>
    <Peak2D F1="22.0909" F2="4.0209" intensity="-84829.45" type="0"/>
    <Peak2D F1="21.9996" F2="3.9997" intensity="73238.79" type="0"/>
    <Peak2D F1="21.8739" F2="1.5110" intensity="-96346.78" type="0"/>
    <Peak2D F1="20.8277" F2="4.0115" intensity="82646.69" type="0"/>
    <Peak2D F1="19.7561" F2="0.8337" intensity="135439.89" type="0"/>
    <Peak2D F1="19.4597" F2="1.4982" intensity="1139277.33" type="0"/>
    <Peak2D F1="19.3845" F2="1.2417" intensity="424063.06" type="0"/>
    <Peak2D F1="19.3519" F2="1.3673" intensity="-74756.17" type="0"/>
    <Peak2D F1="19.1931" F2="1.4835" intensity="-217041.51" type="0"/>
    <Peak2D F1="18.9409" F2="1.9517" intensity="618850.77" type="0"/>
    <Peak2D F1="18.9243" F2="1.4983" intensity="2018155.42" type="0"/>
    <Peak2D F1="18.6521" F2="1.5104" intensity="-858022.70" type="0"/>
    <Peak2D F1="18.5958" F2="4.0103" intensity="88376.77" type="0"/>
    <Peak2D F1="18.2710" F2="0.9461" intensity="-210293.85" type="0"/>
    <Peak2D F1="18.1089" F2="4.0203" intensity="-78363.30" type="0"/>
    <Peak2D F1="18.0784" F2="2.0673" intensity="-384416.46" type="0"/>
    <Peak2D F1="18.0032" F2="3.0525" intensity="-214292.35" type="0"/>
    <Peak2D F1="17.9742" F2="1.2916" intensity="109503.28" type="0"/>
    <Peak2D F1="17.9704" F2="3.7319" intensity="60813.86" type="0"/>
    <Peak2D F1="17.9358" F2="1.4832" intensity="-4686451.15" type="0"/>
    <Peak2D F1="17.8698" F2="1.2704" intensity="-99110.94" type="0"/>
    <Peak2D F1="17.8602" F2="1.7185" intensity="164226.27" type="0"/>
    <Peak2D F1="17.8593" F2="1.5047" annotation="G5" intensity="49804308.17" type="0"/>
    <Peak2D F1="17.8524" F2="3.0731" intensity="860440.05" type="0"/>
    <Peak2D F1="17.8360" F2="1.6501" intensity="83966.34" type="0"/>
    <Peak2D F1="17.8325" F2="1.6203" intensity="106075.84" type="0"/>
    <Peak2D F1="17.8276" F2="0.9626" intensity="138548.31" type="0"/>
    <Peak2D F1="17.7974" F2="1.9586" intensity="58345.27" type="0"/>
    <Peak2D F1="17.7948" F2="3.0951" intensity="-181454.37" type="0"/>
    <Peak2D F1="17.7284" F2="2.0522" intensity="352107.76" type="0"/>
    <Peak2D F1="17.6390" F2="4.0129" intensity="-60975.68" type="0"/>
    <Peak2D F1="17.5472" F2="1.4372" intensity="-72132.30" type="0"/>
    <Peak2D F1="17.4795" F2="1.3302" intensity="-56416.96" type="0"/>
    <Peak2D F1="17.4196" F2="0.9498" intensity="106005.26" type="0"/>
    <Peak2D F1="17.2254" F2="3.0499" intensity="55122.93" type="0"/>
    <Peak2D F1="17.1350" F2="1.4987" intensity="-3638032.60" type="0"/>
    <Peak2D F1="16.7321" F2="1.5105" intensity="567826.92" type="0"/>
    <Peak2D F1="16.6026" F2="4.0117" intensity="76937.40" type="0"/>
    <Peak2D F1="16.5153" F2="1.4980" intensity="-1448806.44" type="0"/>
    <Peak2D F1="16.4537" F2="3.9950" intensity="-60794.54" type="0"/>
    <Peak2D F1="16.1098" F2="1.5115" intensity="254398.36" type="0"/>
    <Peak2D F1="14.6959" F2="1.4978" intensity="-616371.62" type="0"/>
    <Peak2D F1="14.1971" F2="0.8752" intensity="316337.30" type="0"/>
    <Peak2D F1="13.9604" F2="0.9105" intensity="183349.12" type="0"/>
    <Peak2D F1="13.8578" F2="1.5106" intensity="94105.56" type="0"/>
    <Peak2D F1="13.2859" F2="1.4981" intensity="-370346.92" type="0"/>
    <Peak2D F1="11.8781" F2="1.5072" intensity="687703.82" type="0"/>
    <Peak2D F1="10.9952" F2="4.0139" intensity="72272.40" type="0"/>
    <Peak2D F1="10.8152" F2="0.8212" intensity="75060.17" type="0"/>
    <Peak2D F1="10.7926" F2="1.4988" intensity="-301236.92" type="0"/>
    <Peak2D F1="10.7108" F2="4.0000" intensity="-63378.62" type="0"/>
    <Peak2D F1="9.9430" F2="1.4984" intensity="-259997.08" type="0"/>
    <Peak2D F1="9.8754" F2="4.0110" intensity="-63744.32" type="0"/>
    <Peak2D F1="8.9517" F2="4.0011" intensity="-54184.37" type="0"/>
    <Peak2D F1="7.9001" F2="4.0127" intensity="-56852.43" type="0"/>
    <Peak2D F1="6.8742" F2="1.4979" intensity="-171739.64" type="0"/>
    <Peak2D F1="6.6424" F2="8.6762" intensity="61940.91" type="0"/>
    <Peak2D F1="5.6781" F2="4.0123" intensity="82570.38" type="0"/>
    <Peak2D F1="5.0838" F2="1.4972" intensity="-140633.34" type="0"/>
    <Peak2D F1="4.6278" F2="8.6753" intensity="69999.19" type="0"/>
    <Peak2D F1="4.1996" F2="4.0018" intensity="-58268.52" type="0"/>
    <Peak2D F1="3.7992" F2="8.5976" intensity="53154.62" type="0"/>
    <Peak2D F1="3.7726" F2="4.0230" intensity="63506.76" type="0"/>
    <Peak2D F1="3.4907" F2="4.0108" intensity="-124920.33" type="0"/>
    <Peak2D F1="2.8096" F2="1.4975" intensity="-110173.10" type="0"/>
    <Peak2D F1="2.1113" F2="4.0110" intensity="-118679.62" type="0"/>
    <Peak2D F1="1.5490" F2="4.0225" intensity="66757.58" type="0"/>
    <Peak2D F1="-0.3589" F2="4.0102" intensity="-168463.65" type="0"/>
    <Peak2D F1="-0.9454" F2="4.0240" intensity="62184.46" type="0"/>
    <Peak2D F1="-1.9926" F2="4.0110" intensity="62040.80" type="0"/>
    <Peak2D F1="-4.0904" F2="8.6851" intensity="-67012.53" type="0"/>
    <Peak2D F1="-4.7441" F2="1.4980" intensity="-70526.24" type="0"/>
    <Peak2D F1="-5.0797" F2="8.6812" intensity="58308.17" type="0"/>
    <Peak2D F1="-5.2880" F2="4.0224" intensity="89293.23" type="0"/>
    <Peak2D F1="-5.3556" F2="1.5072" intensity="-54680.28" type="0"/>
    <Peak2D F1="-5.3691" F2="4.0094" intensity="-113408.53" type="0"/>
    <Peak2D F1="-6.2287" F2="4.0036" intensity="68646.67" type="0"/>
    <Peak2D F1="-7.0526" F2="4.0113" intensity="-96723.15" type="0"/>
    <Peak2D F1="-9.6927" F2="8.6754" intensity="-209267.73" type="0"/>
    <Peak2D F1="-9.8539" F2="4.0102" intensity="123630.38" type="0"/>
    <Peak2D F1="-10.5082" F2="1.4977" intensity="77250.35" type="0"/>
    <Peak2D F1="-10.7711" F2="4.0134" intensity="-72085.84" type="0"/>
    <Peak2D F1="-11.6539" F2="4.0110" intensity="131621.06" type="0"/>
    <Peak2D F1="-12.3143" F2="4.0214" intensity="-73056.89" type="0"/>
    <Peak2D F1="-12.4093" F2="1.5177" intensity="-132524.65" type="0"/>
    <Peak2D F1="-12.4908" F2="3.9786" intensity="81389.69" type="0"/>
    <Peak2D F1="-12.5448" F2="3.6889" intensity="80819.56" type="0"/>
    <Peak2D F1="-12.6808" F2="8.6767" intensity="-93130.46" type="0"/>
    <Peak2D F1="-12.6808" F2="1.4979" intensity="135358.51" type="0"/>
  </PeakList2D>
</PeakList>
