<?xml version="1.0" encoding="UTF-8"?>
<PeakList modified="2020-03-05T17:51:26">
  <PeakList1D>
    <PeakList1DHeader creator="liermann" date="2020-03-05T17:51:26" expNo="1" name="anethol_104-46-1" owner="" procNo="1" source="E:/Users/liermann/Seafile/NMR-Archiv/chemikalienlager">
      <PeakPickDetails>F1=6.303038ppm, F2=6.243718ppm, MI=0.69cm, MAXI=6.33cm, PC=1.000
      </PeakPickDetails>
    </PeakList1DHeader>
  </PeakList1D>
  <PeakList1D>
    <PeakList1DHeader creator="liermann" date="2020-03-05T17:51:26" expNo="1" name="anethol_104-46-1" owner="" procNo="1" source="E:/Users/liermann/Seafile/NMR-Archiv/chemikalienlager">
      <PeakPickDetails>F1=6.243718ppm, F2=6.062521ppm, MI=0.15cm, MAXI=5.30cm, PC=1.000
      </PeakPickDetails>
    </PeakList1DHeader>
    <Peak1D F1="6.167487" intensity="0.4750704" type="0"/>
    <Peak1D F1="6.156435" intensity="1.497002" type="0"/>
    <Peak1D F1="6.145404" intensity="1.506559" type="0"/>
    <Peak1D F1="6.141317" intensity="0.4413508" type="0"/>
    <Peak1D F1="6.1344" intensity="0.5155258" type="0"/>
    <Peak1D F1="6.130242" intensity="1.25108" type="0"/>
    <Peak1D F1="6.119204" intensity="1.264932" type="0"/>
    <Peak1D F1="6.108205" intensity="0.4130856" type="0"/>
  </PeakList1D>
  <PeakList1D>
    <PeakList1DHeader creator="liermann" date="2020-03-05T17:51:26" expNo="1" name="anethol_104-46-1" owner="" procNo="1" source="E:/Users/liermann/Seafile/NMR-Archiv/chemikalienlager">
      <PeakPickDetails>F1=6.062521ppm, F2=5.985945ppm, MI=0.69cm, MAXI=6.33cm, PC=1.000
      </PeakPickDetails>
    </PeakList1DHeader>
  </PeakList1D>
</PeakList>
