<?xml version="1.0" encoding="UTF-8"?>
<PeakList modified="2017-02-02T17:56:10">
  <PeakList2D>
    <PeakList2DHeader creator="liermann@OCNMR99" date="2017-02-02T17:56:10" expNo="6" name="caripyrin_1314534-36-5" owner="liermann" procNo="1" source="//ocnmr1/admin/JGU-NMR/Lehre/interessant">
      <PeakPickDetails># F2 peak picking range ( ppm )
# 2 F1P=12.809009552001953, 2 F2P=-0.209003211899201
# F1 peak picking range ( ppm )
# 1 F1P=230.050399780273, 1 F2P=-10.050392895964961
# MI=0.001 (= 99490.62975000001), MAXI=1.0 (= 9.949062975E7)
# PEAK RESOL.=1, INTERPOL. TYPE=PARABOLIC, DIAG. GAP=-1, MAX. # PEAKS=2147483647
</PeakPickDetails>
    </PeakList2DHeader>
    <Peak2D F1="18.7788" F2="1.5769" intensity="100477.42" type="0"/>
    <Peak2D F1="17.7895" F2="1.3102" intensity="101431.17" type="0"/>
    <Peak2D F1="57.1647" F2="1.3535" intensity="101762.24" type="0"/>
    <Peak2D F1="149.4885" F2="4.9152" intensity="101833.62" type="0"/>
    <Peak2D F1="71.3552" F2="1.5793" intensity="102404.60" type="0"/>
    <Peak2D F1="141.2041" F2="8.6730" intensity="102723.08" type="0"/>
    <Peak2D F1="17.9002" F2="1.6977" intensity="102885.12" type="0"/>
    <Peak2D F1="217.2052" F2="4.0187" intensity="103410.28" type="0"/>
    <Peak2D F1="133.9717" F2="8.6338" intensity="103581.85" type="0"/>
    <Peak2D F1="171.6298" F2="4.0115" intensity="104182.07" type="0"/>
    <Peak2D F1="18.0654" F2="1.5337" intensity="104455.42" type="0"/>
    <Peak2D F1="141.1833" F2="3.6920" intensity="105891.12" type="0"/>
    <Peak2D F1="146.3794" F2="8.8230" intensity="106416.92" type="0"/>
    <Peak2D F1="131.5792" F2="3.6943" intensity="108413.31" type="0"/>
    <Peak2D F1="149.3212" F2="4.0133" intensity="108423.90" type="0"/>
    <Peak2D F1="166.9009" F2="3.9813" intensity="109440.87" type="0"/>
    <Peak2D F1="85.3766" F2="1.5097" intensity="109468.44" type="0"/>
    <Peak2D F1="226.1830" F2="4.0183" intensity="111543.03" type="0"/>
    <Peak2D F1="17.8761" F2="3.6628" intensity="112233.98" type="0"/>
    <Peak2D F1="219.5367" F2="4.0181" intensity="112285.92" type="0"/>
    <Peak2D F1="56.8263" F2="3.5974" intensity="112511.75" type="0"/>
    <Peak2D F1="144.9513" F2="3.6932" intensity="113469.74" type="0"/>
    <Peak2D F1="129.8331" F2="1.5038" intensity="114072.56" type="0"/>
    <Peak2D F1="74.7989" F2="4.0175" intensity="114386.95" type="0"/>
    <Peak2D F1="57.9408" F2="3.6923" intensity="115140.35" type="0"/>
    <Peak2D F1="31.7344" F2="3.4711" intensity="115827.69" type="0"/>
    <Peak2D F1="126.8748" F2="8.2476" intensity="116833.21" type="0"/>
    <Peak2D F1="17.8814" F2="1.3229" intensity="117153.83" type="0"/>
    <Peak2D F1="56.8641" F2="7.7169" intensity="118256.24" type="0"/>
    <Peak2D F1="15.9470" F2="3.0700" intensity="118487.39" type="0"/>
    <Peak2D F1="143.7153" F2="8.6790" intensity="118757.42" type="0"/>
    <Peak2D F1="154.7707" F2="4.0160" intensity="119981.94" type="0"/>
    <Peak2D F1="127.2779" F2="4.0175" intensity="120971.44" type="0"/>
    <Peak2D F1="19.2234" F2="3.0725" intensity="121532.98" type="0"/>
    <Peak2D F1="150.8946" F2="7.6765" intensity="122481.78" type="0"/>
    <Peak2D F1="15.5057" F2="1.6136" intensity="123410.07" type="0"/>
    <Peak2D F1="77.3921" F2="7.1317" intensity="123647.06" type="0"/>
    <Peak2D F1="153.1899" F2="4.0158" intensity="123969.05" type="0"/>
    <Peak2D F1="100.0134" F2="4.0181" intensity="124243.17" type="0"/>
    <Peak2D F1="52.2830" F2="3.5467" intensity="124319.09" type="0"/>
    <Peak2D F1="160.7922" F2="1.5060" intensity="124775.41" type="0"/>
    <Peak2D F1="19.4063" F2="1.1359" intensity="125461.36" type="0"/>
    <Peak2D F1="76.2132" F2="1.5024" intensity="125708.38" type="0"/>
    <Peak2D F1="53.0793" F2="4.1575" intensity="126174.84" type="0"/>
    <Peak2D F1="126.8716" F2="7.9682" intensity="127459.92" type="0"/>
    <Peak2D F1="57.2350" F2="1.3762" intensity="127740.08" type="0"/>
    <Peak2D F1="77.3255" F2="7.4822" intensity="127853.66" type="0"/>
    <Peak2D F1="76.3998" F2="4.0189" intensity="128851.65" type="0"/>
    <Peak2D F1="140.7104" F2="3.6933" intensity="129013.24" type="0"/>
    <Peak2D F1="159.4400" F2="4.0054" intensity="129529.77" type="0"/>
    <Peak2D F1="52.2628" F2="3.8388" intensity="130576.07" type="0"/>
    <Peak2D F1="16.5135" F2="3.0579" intensity="133875.81" type="0"/>
    <Peak2D F1="141.2009" F2="8.1128" intensity="133966.85" type="0"/>
    <Peak2D F1="37.3975" F2="0.8367" intensity="134059.26" type="0"/>
    <Peak2D F1="59.2143" F2="8.6768" intensity="136757.99" type="0"/>
    <Peak2D F1="14.2301" F2="0.7753" intensity="136803.14" type="0"/>
    <Peak2D F1="140.6595" F2="8.6741" intensity="137778.50" type="0"/>
    <Peak2D F1="150.0841" F2="3.6946" intensity="138017.98" type="0"/>
    <Peak2D F1="59.6167" F2="1.6336" intensity="138704.00" type="0"/>
    <Peak2D F1="53.8637" F2="3.0718" intensity="139034.67" type="0"/>
    <Peak2D F1="137.1589" F2="4.9175" intensity="139435.38" type="0"/>
    <Peak2D F1="123.1348" F2="8.2487" intensity="139545.02" type="0"/>
    <Peak2D F1="140.6708" F2="8.1108" intensity="140330.50" type="0"/>
    <Peak2D F1="61.2151" F2="3.6939" intensity="141262.70" type="0"/>
    <Peak2D F1="53.1061" F2="3.9079" intensity="141599.80" type="0"/>
    <Peak2D F1="124.9842" F2="4.0141" intensity="142231.15" type="0"/>
    <Peak2D F1="58.4467" F2="1.6193" intensity="142975.53" type="0"/>
    <Peak2D F1="123.1271" F2="7.9691" intensity="143145.26" type="0"/>
    <Peak2D F1="131.1112" F2="8.6765" intensity="143796.80" type="0"/>
    <Peak2D F1="4.3413" F2="4.0176" intensity="144025.30" type="0"/>
    <Peak2D F1="15.4962" F2="1.4026" intensity="144876.50" type="0"/>
    <Peak2D F1="30.1629" F2="1.3295" intensity="146202.68" type="0"/>
    <Peak2D F1="57.0010" F2="7.6418" intensity="146452.32" type="0"/>
    <Peak2D F1="77.2625" F2="7.0844" intensity="146707.14" type="0"/>
    <Peak2D F1="34.6124" F2="4.0129" intensity="146896.52" type="0"/>
    <Peak2D F1="17.8160" F2="1.6843" intensity="147631.37" type="0"/>
    <Peak2D F1="19.7411" F2="1.6127" intensity="147714.66" type="0"/>
    <Peak2D F1="126.8070" F2="7.7658" intensity="148362.49" type="0"/>
    <Peak2D F1="170.2310" F2="4.0083" intensity="149232.24" type="0"/>
    <Peak2D F1="29.4259" F2="4.0188" intensity="149497.97" type="0"/>
    <Peak2D F1="129.6703" F2="4.0198" intensity="149952.90" type="0"/>
    <Peak2D F1="150.2212" F2="8.6801" intensity="151956.65" type="0"/>
    <Peak2D F1="125.1718" F2="8.2149" intensity="153029.93" type="0"/>
    <Peak2D F1="148.1181" F2="8.0014" intensity="154377.67" type="0"/>
    <Peak2D F1="58.4250" F2="3.6923" intensity="155131.20" type="0"/>
    <Peak2D F1="18.9740" F2="6.4241" intensity="156187.67" type="0"/>
    <Peak2D F1="14.7638" F2="3.0793" intensity="158292.11" type="0"/>
    <Peak2D F1="59.8761" F2="3.7240" intensity="158545.64" type="0"/>
    <Peak2D F1="16.4359" F2="3.0819" intensity="161806.08" type="0"/>
    <Peak2D F1="186.5828" F2="4.0164" intensity="162612.92" type="0"/>
    <Peak2D F1="59.7832" F2="3.6621" intensity="163386.35" type="0"/>
    <Peak2D F1="51.8276" F2="1.5009" intensity="163685.75" type="0"/>
    <Peak2D F1="58.2027" F2="1.3988" intensity="164022.46" type="0"/>
    <Peak2D F1="15.9847" F2="1.6051" intensity="164092.19" type="0"/>
    <Peak2D F1="111.1888" F2="4.0203" intensity="164207.17" type="0"/>
    <Peak2D F1="53.9422" F2="4.1311" intensity="167248.60" type="0"/>
    <Peak2D F1="137.2566" F2="3.7384" intensity="169115.23" type="0"/>
    <Peak2D F1="15.9946" F2="1.4055" intensity="169844.35" type="0"/>
    <Peak2D F1="15.9810" F2="1.3886" intensity="172471.15" type="0"/>
    <Peak2D F1="15.2799" F2="3.0791" intensity="176401.06" type="0"/>
    <Peak2D F1="19.7004" F2="1.3915" intensity="176530.62" type="0"/>
    <Peak2D F1="144.6843" F2="8.6775" intensity="177952.86" type="0"/>
    <Peak2D F1="58.5490" F2="3.8395" intensity="178171.38" type="0"/>
    <Peak2D F1="58.5591" F2="3.5453" intensity="178531.35" type="0"/>
    <Peak2D F1="57.1490" F2="1.6204" intensity="178623.35" type="0"/>
    <Peak2D F1="53.9341" F2="3.8825" intensity="179793.92" type="0"/>
    <Peak2D F1="137.2783" F2="3.6496" intensity="181666.17" type="0"/>
    <Peak2D F1="15.9891" F2="1.6164" intensity="183946.12" type="0"/>
    <Peak2D F1="149.8113" F2="8.6723" intensity="186789.30" type="0"/>
    <Peak2D F1="56.8164" F2="8.7060" intensity="186909.29" type="0"/>
    <Peak2D F1="140.2453" F2="3.6925" intensity="188364.45" type="0"/>
    <Peak2D F1="58.4968" F2="1.4144" intensity="188799.96" type="0"/>
    <Peak2D F1="165.4712" F2="4.1410" intensity="190079.28" type="0"/>
    <Peak2D F1="58.2734" F2="1.5962" intensity="190512.24" type="0"/>
    <Peak2D F1="17.8948" F2="1.6696" intensity="191080.73" type="0"/>
    <Peak2D F1="19.2241" F2="3.4720" intensity="193538.79" type="0"/>
    <Peak2D F1="19.6898" F2="1.6012" intensity="194436.26" type="0"/>
    <Peak2D F1="56.8213" F2="3.8765" intensity="195260.09" type="0"/>
    <Peak2D F1="59.5023" F2="1.6111" intensity="195546.17" type="0"/>
    <Peak2D F1="124.9985" F2="7.9354" intensity="196176.25" type="0"/>
    <Peak2D F1="124.9918" F2="8.0032" intensity="196504.80" type="0"/>
    <Peak2D F1="149.6350" F2="3.6944" intensity="198194.71" type="0"/>
    <Peak2D F1="123.6981" F2="8.2486" intensity="199733.72" type="0"/>
    <Peak2D F1="59.4606" F2="1.6195" intensity="201589.91" type="0"/>
    <Peak2D F1="20.2495" F2="1.3936" intensity="202849.13" type="0"/>
    <Peak2D F1="52.0972" F2="3.8862" intensity="205386.50" type="0"/>
    <Peak2D F1="126.4043" F2="7.9694" intensity="205609.97" type="0"/>
    <Peak2D F1="21.3313" F2="1.6094" intensity="205968.12" type="0"/>
    <Peak2D F1="140.2736" F2="8.6743" intensity="208528.42" type="0"/>
    <Peak2D F1="52.1012" F2="4.1318" intensity="208773.34" type="0"/>
    <Peak2D F1="165.4870" F2="3.8811" intensity="209746.28" type="0"/>
    <Peak2D F1="59.5560" F2="1.4002" intensity="210071.10" type="0"/>
    <Peak2D F1="207.6564" F2="4.0193" intensity="211160.84" type="0"/>
    <Peak2D F1="133.7770" F2="3.7250" intensity="211287.88" type="0"/>
    <Peak2D F1="126.3953" F2="8.2488" intensity="214594.65" type="0"/>
    <Peak2D F1="171.1241" F2="4.0065" intensity="215228.45" type="0"/>
    <Peak2D F1="124.8361" F2="8.2819" intensity="215262.36" type="0"/>
    <Peak2D F1="64.4577" F2="1.4961" intensity="217976.17" type="0"/>
    <Peak2D F1="57.1179" F2="1.3992" intensity="218790.57" type="0"/>
    <Peak2D F1="58.3117" F2="1.4700" intensity="220183.56" type="0"/>
    <Peak2D F1="20.2656" F2="1.6092" intensity="223753.09" type="0"/>
    <Peak2D F1="21.3030" F2="1.3967" intensity="229857.73" type="0"/>
    <Peak2D F1="147.3419" F2="7.7662" intensity="231249.72" type="0"/>
    <Peak2D F1="56.9370" F2="8.1109" intensity="232465.01" type="0"/>
    <Peak2D F1="52.7918" F2="1.5012" intensity="234110.51" type="0"/>
    <Peak2D F1="139.7167" F2="8.6739" intensity="234219.49" type="0"/>
    <Peak2D F1="169.7365" F2="4.0110" intensity="235829.21" type="0"/>
    <Peak2D F1="59.2509" F2="7.6785" intensity="236461.77" type="0"/>
    <Peak2D F1="148.6635" F2="8.5234" intensity="236819.24" type="0"/>
    <Peak2D F1="148.6415" F2="8.8237" intensity="239679.79" type="0"/>
    <Peak2D F1="140.2569" F2="8.1121" intensity="241006.55" type="0"/>
    <Peak2D F1="145.9070" F2="3.6934" intensity="241659.97" type="0"/>
    <Peak2D F1="57.2377" F2="2.9237" intensity="247379.20" type="0"/>
    <Peak2D F1="133.8423" F2="8.7065" intensity="248295.35" type="0"/>
    <Peak2D F1="139.7658" F2="3.6937" intensity="248562.22" type="0"/>
    <Peak2D F1="164.5954" F2="4.0553" intensity="249187.75" type="0"/>
    <Peak2D F1="20.8600" F2="1.6079" intensity="250194.30" type="0"/>
    <Peak2D F1="59.4956" F2="1.5933" intensity="251261.04" type="0"/>
    <Peak2D F1="56.8421" F2="3.5041" intensity="251400.57" type="0"/>
    <Peak2D F1="135.1202" F2="8.6593" intensity="252100.50" type="0"/>
    <Peak2D F1="56.9236" F2="3.5842" intensity="253010.67" type="0"/>
    <Peak2D F1="58.2646" F2="1.5722" intensity="253049.87" type="0"/>
    <Peak2D F1="147.7621" F2="3.7251" intensity="257189.72" type="0"/>
    <Peak2D F1="147.3591" F2="8.6272" intensity="259383.28" type="0"/>
    <Peak2D F1="20.9191" F2="1.3969" intensity="261620.95" type="0"/>
    <Peak2D F1="146.8194" F2="8.5236" intensity="261957.63" type="0"/>
    <Peak2D F1="55.1613" F2="7.6779" intensity="262435.26" type="0"/>
    <Peak2D F1="53.2548" F2="1.5008" intensity="262620.61" type="0"/>
    <Peak2D F1="146.3101" F2="3.6938" intensity="265504.36" type="0"/>
    <Peak2D F1="17.8714" F2="1.4566" intensity="266188.92" type="0"/>
    <Peak2D F1="161.3416" F2="4.0126" intensity="266828.19" type="0"/>
    <Peak2D F1="169.2678" F2="4.0076" intensity="273013.40" type="0"/>
    <Peak2D F1="60.7483" F2="1.4699" intensity="276539.23" type="0"/>
    <Peak2D F1="56.8933" F2="8.6455" intensity="280066.66" type="0"/>
    <Peak2D F1="139.7024" F2="8.1119" intensity="286705.52" type="0"/>
    <Peak2D F1="17.8025" F2="1.3362" intensity="287820.49" type="0"/>
    <Peak2D F1="17.9084" F2="1.3499" intensity="290047.12" type="0"/>
    <Peak2D F1="31.7466" F2="1.2804" intensity="292021.65" type="0"/>
    <Peak2D F1="147.7088" F2="3.6636" intensity="292509.16" type="0"/>
    <Peak2D F1="18.6931" F2="3.6931" intensity="293658.03" type="0"/>
    <Peak2D F1="57.0991" F2="3.2185" intensity="294641.03" type="0"/>
    <Peak2D F1="149.2948" F2="8.6739" intensity="299734.65" type="0"/>
    <Peak2D F1="146.8081" F2="8.8248" intensity="300328.66" type="0"/>
    <Peak2D F1="145.2811" F2="8.6647" intensity="304893.44" type="0"/>
    <Peak2D F1="168.8451" F2="4.0080" intensity="306144.82" type="0"/>
    <Peak2D F1="160.8370" F2="4.0093" intensity="308495.73" type="0"/>
    <Peak2D F1="63.8958" F2="1.5086" intensity="322087.82" type="0"/>
    <Peak2D F1="149.1425" F2="3.6936" intensity="322180.15" type="0"/>
    <Peak2D F1="53.7567" F2="1.5026" intensity="322556.06" type="0"/>
    <Peak2D F1="146.4783" F2="8.1150" intensity="324588.85" type="0"/>
    <Peak2D F1="161.8100" F2="4.0074" intensity="326064.13" type="0"/>
    <Peak2D F1="16.9210" F2="3.6942" intensity="340723.57" type="0"/>
    <Peak2D F1="135.1114" F2="8.1126" intensity="355531.80" type="0"/>
    <Peak2D F1="133.7025" F2="8.6479" intensity="357484.83" type="0"/>
    <Peak2D F1="165.4933" F2="4.1060" intensity="358919.92" type="0"/>
    <Peak2D F1="56.2269" F2="2.9243" intensity="361447.79" type="0"/>
    <Peak2D F1="147.5790" F2="8.7261" intensity="362898.41" type="0"/>
    <Peak2D F1="22.7313" F2="0.8725" intensity="367154.42" type="0"/>
    <Peak2D F1="132.1496" F2="8.6771" intensity="368166.32" type="0"/>
    <Peak2D F1="137.2032" F2="8.7327" intensity="371391.67" type="0"/>
    <Peak2D F1="60.7182" F2="3.6920" intensity="374607.86" type="0"/>
    <Peak2D F1="145.9432" F2="7.7661" intensity="383721.12" type="0"/>
    <Peak2D F1="56.1080" F2="3.2199" intensity="383982.42" type="0"/>
    <Peak2D F1="16.4499" F2="1.6149" intensity="385592.73" type="0"/>
    <Peak2D F1="31.8705" F2="0.8740" intensity="395149.72" type="0"/>
    <Peak2D F1="16.4490" F2="1.4032" intensity="403694.33" type="0"/>
    <Peak2D F1="58.9182" F2="3.6931" intensity="403815.58" type="0"/>
    <Peak2D F1="162.3193" F2="4.0128" intensity="411924.27" type="0"/>
    <Peak2D F1="19.2628" F2="1.6055" intensity="421617.60" type="0"/>
    <Peak2D F1="19.2560" F2="1.3917" intensity="422776.95" type="0"/>
    <Peak2D F1="135.5927" F2="8.1117" intensity="430712.77" type="0"/>
    <Peak2D F1="139.3051" F2="8.6747" intensity="436442.48" type="0"/>
    <Peak2D F1="139.2992" F2="3.6935" intensity="437367.45" type="0"/>
    <Peak2D F1="56.8167" F2="3.0801" intensity="453938.48" type="0"/>
    <Peak2D F1="135.5769" F2="3.6928" intensity="461204.95" type="0"/>
    <Peak2D F1="17.8470" F2="1.5645" intensity="464809.73" type="0"/>
    <Peak2D F1="137.0910" F2="8.0731" intensity="468135.59" type="0"/>
    <Peak2D F1="19.2259" F2="0.9142" intensity="483459.45" type="0"/>
    <Peak2D F1="136.6974" F2="8.0639" intensity="486341.39" type="0"/>
    <Peak2D F1="137.2717" F2="3.7252" intensity="493279.71" type="0"/>
    <Peak2D F1="54.1922" F2="1.5024" intensity="504043.16" type="0"/>
    <Peak2D F1="137.3735" F2="8.1494" intensity="508621.84" type="0"/>
    <Peak2D F1="17.7827" F2="1.4437" intensity="509581.57" type="0"/>
    <Peak2D F1="137.2213" F2="3.6620" intensity="512672.09" type="0"/>
    <Peak2D F1="17.8191" F2="1.6530" intensity="514237.50" type="0"/>
    <Peak2D F1="145.6115" F2="8.6693" intensity="517299.02" type="0"/>
    <Peak2D F1="31.6253" F2="0.9142" intensity="519698.54" type="0"/>
    <Peak2D F1="165.4507" F2="4.0919" intensity="530876.45" type="0"/>
    <Peak2D F1="148.8407" F2="8.6741" intensity="533344.81" type="0"/>
    <Peak2D F1="136.0147" F2="3.6964" intensity="543182.79" type="0"/>
    <Peak2D F1="164.6977" F2="8.1117" intensity="555062.38" type="0"/>
    <Peak2D F1="125.9058" F2="7.9673" intensity="565693.55" type="0"/>
    <Peak2D F1="125.9042" F2="8.2476" intensity="572434.25" type="0"/>
    <Peak2D F1="137.4242" F2="3.0717" intensity="578033.60" type="0"/>
    <Peak2D F1="139.3177" F2="8.1118" intensity="599483.91" type="0"/>
    <Peak2D F1="168.3245" F2="4.0111" intensity="609066.84" type="0"/>
    <Peak2D F1="162.7891" F2="4.0089" intensity="618039.26" type="0"/>
    <Peak2D F1="134.7733" F2="8.6750" intensity="624784.76" type="0"/>
    <Peak2D F1="136.0648" F2="8.6772" intensity="635319.13" type="0"/>
    <Peak2D F1="149.3137" F2="7.6735" intensity="636996.69" type="0"/>
    <Peak2D F1="18.7854" F2="1.6134" intensity="669211.20" type="0"/>
    <Peak2D F1="124.0761" F2="8.2493" intensity="672487.33" type="0"/>
    <Peak2D F1="124.0728" F2="7.9695" intensity="685599.07" type="0"/>
    <Peak2D F1="133.7435" F2="8.1109" intensity="702566.22" type="0"/>
    <Peak2D F1="56.8151" F2="3.5713" intensity="708324.13" type="0"/>
    <Peak2D F1="16.9518" F2="1.3889" intensity="714791.58" type="0"/>
    <Peak2D F1="165.5011" F2="4.0792" intensity="726874.77" type="0"/>
    <Peak2D F1="167.8793" F2="4.0108" intensity="729884.73" type="0"/>
    <Peak2D F1="18.7779" F2="1.4024" intensity="750059.41" type="0"/>
    <Peak2D F1="16.9129" F2="1.4051" intensity="766803.92" type="0"/>
    <Peak2D F1="63.0489" F2="1.5019" intensity="772750.90" type="0"/>
    <Peak2D F1="138.8209" F2="3.6937" intensity="774368.46" type="0"/>
    <Peak2D F1="138.7484" F2="8.6749" intensity="793669.46" type="0"/>
    <Peak2D F1="18.7525" F2="1.3903" intensity="812727.17" type="0"/>
    <Peak2D F1="18.7629" F2="1.6019" intensity="816379.03" type="0"/>
    <Peak2D F1="136.0496" F2="8.1132" intensity="819428.01" type="0"/>
    <Peak2D F1="16.9257" F2="1.6160" intensity="821364.00" type="0"/>
    <Peak2D F1="71.3100" F2="1.2427" intensity="830436.45" type="0"/>
    <Peak2D F1="148.6626" F2="3.6939" intensity="836239.63" type="0"/>
    <Peak2D F1="29.7002" F2="1.2477" intensity="896022.08" type="0"/>
    <Peak2D F1="147.4265" F2="4.0108" intensity="898322.86" type="0"/>
    <Peak2D F1="138.7393" F2="8.1119" intensity="914894.17" type="0"/>
    <Peak2D F1="146.8885" F2="3.6937" intensity="916117.95" type="0"/>
    <Peak2D F1="62.5840" F2="1.5098" intensity="916712.74" type="0"/>
    <Peak2D F1="147.3957" F2="8.6404" intensity="917652.42" type="0"/>
    <Peak2D F1="163.3079" F2="4.0103" intensity="924633.18" type="0"/>
    <Peak2D F1="64.5194" F2="1.2445" intensity="935092.84" type="0"/>
    <Peak2D F1="133.8208" F2="7.5401" intensity="938853.17" type="0"/>
    <Peak2D F1="133.7695" F2="7.8142" intensity="965503.14" type="0"/>
    <Peak2D F1="147.5631" F2="8.1106" intensity="981143.70" type="0"/>
    <Peak2D F1="124.9051" F2="7.6793" intensity="1046217.89" type="0"/>
    <Peak2D F1="17.9118" F2="1.5774" intensity="1080126.46" type="0"/>
    <Peak2D F1="17.7959" F2="1.4300" intensity="1098522.16" type="0"/>
    <Peak2D F1="17.8531" F2="1.6404" intensity="1208234.81" type="0"/>
    <Peak2D F1="59.7411" F2="3.2142" intensity="1211273.83" type="0"/>
    <Peak2D F1="55.1161" F2="1.5027" intensity="1242105.10" type="0"/>
    <Peak2D F1="59.7738" F2="2.9291" intensity="1260484.21" type="0"/>
    <Peak2D F1="165.4812" F2="4.0663" intensity="1267342.91" type="0"/>
    <Peak2D F1="167.3757" F2="4.0101" intensity="1303603.48" type="0"/>
    <Peak2D F1="61.2435" F2="1.4965" intensity="1508974.91" type="0"/>
    <Peak2D F1="61.6648" F2="1.5028" intensity="1545907.20" type="0"/>
    <Peak2D F1="124.9090" F2="8.6763" intensity="1596364.37" type="0"/>
    <Peak2D F1="126.9497" F2="1.9521" intensity="1699683.88" type="0"/>
    <Peak2D F1="163.7126" F2="4.0103" intensity="1702197.75" type="0"/>
    <Peak2D F1="131.5267" F2="1.9514" intensity="1702347.83" type="0"/>
    <Peak2D F1="165.4985" F2="7.6793" intensity="1738568.83" type="0"/>
    <Peak2D F1="136.5416" F2="3.6935" intensity="1877127.74" type="0"/>
    <Peak2D F1="136.6042" F2="8.1121" intensity="2049380.87" type="0"/>
    <Peak2D F1="138.3450" F2="3.6937" intensity="2083533.50" type="0"/>
    <Peak2D F1="138.2994" F2="8.6747" intensity="2110141.98" type="0"/>
    <Peak2D F1="146.6633" F2="8.6750" intensity="2150445.46" type="0"/>
    <Peak2D F1="166.8926" F2="4.0105" intensity="2218826.05" type="0"/>
    <Peak2D F1="165.4816" F2="3.9702" intensity="2303754.87" type="0"/>
    <Peak2D F1="77.2858" F2="7.1070" intensity="2650712.59" type="0"/>
    <Peak2D F1="77.2807" F2="7.4558" intensity="2662642.09" type="0"/>
    <Peak2D F1="138.3575" F2="8.1115" intensity="2778563.88" type="0"/>
    <Peak2D F1="52.9974" F2="3.8848" intensity="2998565.19" type="0"/>
    <Peak2D F1="52.9983" F2="4.1312" intensity="3022212.34" type="0"/>
    <Peak2D F1="58.4226" F2="1.5033" intensity="3231246.90" type="0"/>
    <Peak2D F1="147.7354" F2="8.5236" intensity="3414189.33" type="0"/>
    <Peak2D F1="147.7194" F2="8.8242" intensity="3617762.46" type="0"/>
    <Peak2D F1="17.8314" F2="3.6937" intensity="4013232.11" type="0"/>
    <Peak2D F1="59.8060" F2="1.4716" intensity="4152618.88" type="0"/>
    <Peak2D F1="56.9434" F2="1.4716" intensity="4162679.42" type="0"/>
    <Peak2D F1="59.7447" F2="1.5369" intensity="4242583.63" type="0"/>
    <Peak2D F1="17.8630" F2="3.0733" intensity="5166130.25" type="0"/>
    <Peak2D F1="165.4910" F2="3.9816" intensity="5170212.95" type="0"/>
    <Peak2D F1="165.4700" F2="8.1109" intensity="5717858.09" type="0"/>
    <Peak2D F1="60.7012" F2="1.5026" intensity="5779897.20" type="0"/>
    <Peak2D F1="59.7904" F2="3.6930" intensity="5942223.33" type="0"/>
    <Peak2D F1="124.9717" F2="7.9689" intensity="8163052.78" type="0"/>
    <Peak2D F1="124.9667" F2="8.2489" intensity="8238623.42" type="0"/>
    <Peak2D F1="56.8778" F2="8.6763" intensity="8290557.06" type="0"/>
    <Peak2D F1="164.7357" F2="4.0104" intensity="8680869.55" type="0"/>
    <Peak2D F1="147.7688" F2="3.6940" intensity="11134673.32" type="0"/>
    <Peak2D F1="56.8726" F2="3.8394" intensity="11631990.31" type="0"/>
    <Peak2D F1="56.8718" F2="3.5455" intensity="11638582.38" type="0"/>
    <Peak2D F1="17.8328" F2="1.6125" intensity="11808892.94" type="0"/>
    <Peak2D F1="17.8870" F2="1.6056" intensity="11856219.22" type="0"/>
    <Peak2D F1="17.8836" F2="1.3948" intensity="11884761.05" type="0"/>
    <Peak2D F1="133.7892" F2="3.6940" intensity="12575755.99" type="0"/>
    <Peak2D F1="56.9128" F2="7.6787" intensity="15551627.66" type="0"/>
    <Peak2D F1="133.8117" F2="8.6758" intensity="17271364.82" type="0"/>
    <Peak2D F1="147.5340" F2="7.6780" intensity="20269484.14" type="0"/>
    <Peak2D F1="147.4330" F2="8.6757" intensity="24061229.62" type="0"/>
    <Peak2D F1="137.4662" F2="3.6938" intensity="26370605.48" type="0"/>
    <Peak2D F1="137.4849" F2="8.6751" intensity="28042663.47" type="0"/>
    <Peak2D F1="137.4851" F2="8.1114" intensity="32522298.92" type="0"/>
    <Peak2D F1="56.9459" F2="1.5040" intensity="65066710.12" type="0"/>
    <Peak2D F1="59.7766" F2="1.5036" intensity="76150774.37" type="0"/>
    <Peak2D F1="165.4891" F2="4.0105" intensity="102521899.49" type="0"/>
  </PeakList2D>
</PeakList>
